Name,S1,S2,S3,S4,S5,S6,S7,S8
Group,WT,WT,WT,WT,Treatment,Treatment,Treatment,Treatment
"P05429",484340,409540,0,670100,976600,978320,568130,584650
"P09190",0,3236000,0,1997500,2068300,2299800,0,2114200
"P09191",0,0,0,0,0,0,0,0
"P09192",485650,585020,0,692170,1041200,1010000,227740,507550
"P09193",347360,226540,0,289640,383630,398520,157140,284660
"P0DJF8",0,0,0,0,0,0,0,0
"P10549",5711900,5358500,13799000,3897600,3525800,4013700,2597800,5577800
"P12975",1409700,2490400,2559600,1091700,1739200,2360700,429580,2201500
"P14835",1015100,537060,0,729430,942280,724650,572870,597510
"P15730",0,0,0,0,0,0,0,0
"P16033",267260,221100,0,144470,215120,370950,170590,177880
"P17253",296560,948150,0,444920,555550,904140,665150,816200
"P19050",1304000,1109400,0,959040,1191000,940520,364030,982920
"P19125",0,0,0,96392,139810,144800,196030,0
"P19569",8146100,11864000,1831900,7070100,5951900,7806900,3234100,8449700
"P20170",0,0,0,45066,37508,0,0,0
"P20804",903240,252040,0,325950,203690,209360,0,217250
"P21697",4307600,6143000,0,1886100,2449700,2862800,473060,3179700
"P22034",6404700,6894000,1524400,6514000,4315900,4264100,4831300,5571400
"P22040",0,0,0,0,0,0,0,0
"P22358",7808500,9252000,6807800,9039400,6077500,5953600,5922500,7035100
"P23349",10467000,10446000,21197000,9241800,10012000,9788000,6725500,6599700
"P23350",1192700,1580200,0,1187800,893270,1080900,1055400,1214900
"P23353",482150,451590,0,510150,460790,368140,384470,469150
"P24602",1666800,2022600,0,2003200,1887700,1664600,1779600,1905500
"P26287",2042600,1954800,0,2464400,2526600,2157700,649870,2607300
"P26290",3378500,3812700,0,3121600,3519600,3454700,6113200,3895000
"P26523",0,0,0,0,0,0,0,0
"P26525",945650,1054000,0,1430500,1113500,1232200,2762500,969630
"P26527",5568400,7565000,713480,5344700,5296400,6331100,2914700,7001300
"P26533",4809200,6679200,0,5052000,5318500,4627200,1599300,5327700
"P27179",8035700,7207500,326870,6009100,6796500,6619000,5655500,6459500
"P27180",908270,1085600,0,1070500,945530,1087200,1695700,852800
"P27181",3032000,2936700,351050,2925200,3475900,2088300,6594100,4435500
"P27183",3891700,4219700,0,2714600,2269100,2980300,5059300,3321500
"P27319",0,0,0,0,0,0,0,0
"P27320",0,0,0,0,406050,639240,0,691870
"P27589",1472400,1456200,0,1075100,953740,887300,1340600,2076500
"P27724",103030,0,0,85714,135740,94473,162360,82639
"P28371",2464400,1638900,165290,2278800,2596500,2870000,1328100,1847300
"P28373",0,0,0,0,0,0,0,0
"P28463",74106,0,0,63955,105550,61937,123060,58761
"P29107",3224200,3144100,0,2869200,2930300,2807400,4568800,3290500
"P29254",3639400,3484400,0,3076400,2993700,3266200,2206200,3999400
"P29255",1939900,1650200,0,1718800,2055900,1706600,2162600,2885600
"P29256",6414200,6663800,0,6065700,6908900,4956300,4991500,6480300
"P29273",149340,150970,0,145720,154060,143540,0,148940
"P32422",6948500,8538700,3608000,6011900,5478800,7929900,1911600,8922400
"P33779",191840,183660,0,226480,213850,214830,179490,214370
"P36236",4298300,4980200,1015000,4140300,3911400,4621300,3265000,4803300
"P36237",1924700,1025000,0,2482600,1886300,2505000,1268500,1907800
"P36239",424190,470060,0,552170,583250,496580,628730,479930
"P36265",1026000,1122100,0,1147300,1035900,870760,1328000,1187400
"P37101",3334900,2928500,0,3294100,4611100,4637000,4030200,3272300
"P37277",2388400,2362300,0,1813500,2104500,2111900,2147000,2157000
"P37294",0,0,0,0,0,0,0,0
"P37367",0,0,0,0,0,0,0,0
"P38382",1503600,1276600,0,1911300,0,1416600,1353300,1489800
"P42349",102990,0,0,111400,125300,107020,304820,127560
"P42350",185050,81429,0,152870,172520,0,0,0
"P42352",2144800,3408300,0,2018700,2057800,2333200,934390,2828500
"P45450",0,0,0,0,0,0,0,0
"P46445",2179400,1813800,0,2156500,2379100,1987500,872040,2221500
"P48576",716070,790860,0,782720,1033000,900840,388810,853970
"P48939",4637900,2521100,0,3059700,3977500,3194900,5751400,2576700
"P48944",3287900,4863800,0,2791700,1881300,2287100,5088800,3491700
"P48946",5804400,4738500,667920,4479800,3683200,4068300,3556700,3886400
"P48949",8636000,11209000,0,8941500,8018800,7731100,4255200,7178400
"P48957",238350,48310,0,705490,297020,271660,127980,130210
"P48958",6423900,6459400,0,4913000,7701000,3608500,2219500,6893700
"P48959",6441700,4961100,0,5572700,3679400,4090300,5234100,7076200
"P49057",190540,151850,0,184790,239290,224380,251790,173370
"P49433",163360,98561,0,140320,198010,173700,189260,138760
"P49995",0,0,0,0,0,0,0,0
"P50027",0,0,0,0,0,0,0,0
"P51634",824090,1201000,0,1166200,1069100,1026000,1002500,1368100
"P52208",695490,759980,0,783130,958260,1101400,1530700,752640
"P52231",3552600,5602300,0,3575800,3287100,4315500,387000,3774900
"P52276",65020,0,0,76454,80492,66661,163110,68553
"P52415",498960,529050,0,576360,709740,559620,616440,619520
"P52601",0,0,0,0,0,0,0,0
"P52640",0,0,0,0,0,0,0,0
"P52761",0,0,0,0,0,0,0,0
"P52981",273480,217550,0,240910,315610,367570,447140,232930
"P52983",678930,609370,0,750960,905190,828960,1074400,799080
"P52986",0,0,0,0,0,0,0,0
"P52997",0,0,0,0,0,0,0,0
"P53383",0,0,0,228430,266870,219630,0,0
"P53579",130750,167450,0,120270,147900,142960,246410,148970
"P53581",69356,0,0,0,0,46190,0,0
"P54123",2340600,2003700,1633900,2258900,2751000,2221900,1060000,1974700
"P54147",0,0,0,0,0,0,0,0
"P54205",4945100,3634200,344860,5205600,7274900,8416100,6168200,5627900
"P54206",4666900,8980300,481420,7399600,7902400,10327000,4819000,9222900
"P54224",647850,612870,0,517940,648230,621740,549720,551300
"P54225",0,0,0,118260,195920,176510,215280,143730
"P54384",68333,94548,0,100340,126130,151610,130960,112540
"P54386",104000,103200,0,100030,65059,129320,0,105210
"P54416",437040,697620,0,534950,432300,528690,941550,599190
"P54691",930720,806250,0,1101300,1096100,989230,1763000,896730
"P54735",0,0,0,0,0,0,0,0
"P54899",138210,77389,0,94350,116390,127690,86690,114080
"P54902",509280,0,0,375190,403000,0,412110,353140
"P54984",0,0,0,0,0,0,0,0
"P55037",146310,107410,0,140290,193110,194450,95764,141650
"P55038",173630,116850,0,149300,203430,206170,209200,161310
"P55175",0,0,0,76287,0,107210,0,110540
"P58235",0,0,0,0,0,0,0,0
"P72570",0,85536,0,83404,110800,79587,0,96171
"P72571",0,60259,0,0,0,49992,0,0
"P72573",0,57114,0,58145,63751,0,0,0
"P72574",0,0,0,0,0,0,0,0
"P72576",148230,168740,0,143810,103560,105240,0,117580
"P72580",72256,70894,0,43697,87564,59793,0,52297
"P72581",0,0,0,0,0,0,0,0
"P72582",0,0,0,0,0,0,0,0
"P72583",169350,210840,0,173850,207450,93942,284800,206740
"P72584",2080200,1892300,0,2087700,2466800,1965300,2329400,2147600
"P72585",159430,147750,0,128810,146250,152180,203860,105440
"P72586",203810,85155,0,155570,198190,172770,407570,150820
"P72587",0,0,0,0,0,0,0,0
"P72588",84709,75631,0,80377,91712,77831,0,61925
"P72589",0,0,0,0,0,0,0,0
"P72606",0,0,0,54634,0,44956,0,49106
"P72611",0,0,0,0,0,0,0,0
"P72612",0,0,0,0,0,0,0,0
"P72615",0,0,0,0,0,0,0,0
"P72616",0,0,0,0,0,0,0,0
"P72618",0,0,0,0,0,0,0,0
"P72621",0,0,0,0,0,0,0,0
"P72622",650770,624360,0,517090,532450,559380,440190,675990
"P72623",0,0,0,0,240860,203790,0,0
"P72625",0,0,0,0,0,0,0,0
"P72635",0,150770,0,207130,0,158620,0,122870
"P72639",270430,374550,0,349540,331580,290380,124390,328790
"P72641",205690,272990,0,252670,255080,267040,325120,248980
"P72642",139440,170500,0,148560,204840,139950,134000,159610
"P72644",488430,418880,0,343560,473260,466790,0,372940
"P72645",0,0,0,0,0,0,0,0
"P72646",0,0,0,0,0,0,0,0
"P72647",409600,617180,0,563350,517850,458760,453290,519450
"P72648",87500,95288,0,77839,90512,118450,0,97876
"P72649",117550,102610,0,142360,230220,158600,142440,146650
"P72652",123400,147110,0,103510,107760,111030,0,98899
"P72653",0,0,0,0,0,0,0,0
"P72655",121170,193430,0,217930,286560,284790,358330,237230
"P72656",559580,549240,451450,615760,549390,547860,847120,574110
"P72659",1365600,1261200,0,1495000,1689000,1435600,1393800,1401200
"P72661",0,0,0,68431,0,76864,0,48007
"P72662",366320,403040,0,386430,359940,357830,321580,357240
"P72663",124310,98356,0,132750,128210,113780,203980,146500
"P72665",0,0,0,0,23305,31013,0,0
"P72666",0,0,0,0,0,0,0,0
"P72668",0,0,0,0,0,0,0,0
"P72669",0,66992,0,72342,59033,0,0,69358
"P72671",60276,56388,0,66426,71665,56966,0,49227
"P72673",490610,423980,0,550700,426030,444900,728280,488950
"P72675",404910,371910,0,379790,439910,365640,0,432830
"P72679",0,0,0,0,0,0,0,0
"P72683",148380,150180,0,145880,161480,159650,265800,128460
"P72686",0,0,0,0,0,0,0,0
"P72687",0,0,0,0,0,0,0,0
"P72688",887370,1013800,0,816490,874040,850380,923190,816590
"P72689",2252800,1941700,995920,2337000,2098700,1968300,2183100,2310500
"P72691",0,0,0,69789,91888,0,0,67384
"P72697",679830,1050800,0,910300,878800,864590,266960,840070
"P72698",0,0,0,0,0,0,0,0
"P72699",106550,0,0,0,0,165680,0,122620
"P72700",1124000,860440,0,923730,1097500,877590,536360,1048900
"P72703",237480,191610,0,412150,494590,383050,551870,270740
"P72704",1584400,1701400,0,1621000,1668800,1383500,1072700,1673800
"P72705",559860,432000,0,399100,381250,391940,114420,516680
"P72707",510930,690500,0,472420,625680,747860,1501700,615920
"P72709",1006100,1205900,0,1081400,878230,792500,0,1074400
"P72710",0,0,0,0,0,0,0,0
"P72713",0,0,0,0,0,0,0,0
"P72715",52160,37306,0,48370,50326,32289,0,76984
"P72719",0,0,0,0,0,0,0,0
"P72720",199220,204390,0,227490,250860,174860,0,210890
"P72724",0,0,0,0,130270,0,134120,113110
"P72727",0,0,0,0,0,0,0,0
"P72729",0,0,0,0,0,0,0,0
"P72730",0,0,0,0,0,0,0,0
"P72731",0,0,0,0,0,0,0,0
"P72733",0,0,0,0,0,0,0,0
"P72740",458700,456710,0,493590,606660,573280,553940,460070
"P72741",0,0,0,0,0,0,0,0
"P72742",63461,32137,0,100810,83289,72612,0,76212
"P72744",33987,42550,0,43408,36904,31556,0,40588
"P72746",0,0,0,0,0,0,0,0
"P72747",0,124070,0,0,0,150090,0,0
"P72748",0,0,0,0,0,0,0,0
"P72749",815610,550110,0,542450,628500,818730,405470,622530
"P72752",57971,178000,637480,0,223540,152490,69626,0
"P72753",68464,54235,0,67396,65066,85421,0,55108
"P72754",0,355480,0,242520,271200,245570,0,304070
"P72756",205150,198730,0,0,215790,274710,0,176340
"P72757",148600,182410,0,161810,132760,117070,153730,172130
"P72758",4219900,4314800,405400,3496300,3557300,3470100,5225700,3507000
"P72759",301290,449200,0,473590,460710,416270,145350,367930
"P72760",3212600,3585500,0,4562100,4228200,4619500,5020200,3502200
"P72761",3558100,4833800,9818300,4185300,3992800,4390200,2351700,3841500
"P72762",325970,314730,0,336110,409550,409960,939600,440810
"P72764",0,0,0,0,0,0,0,0
"P72765",0,32750,0,33581,42103,37020,0,45897
"P72768",0,0,0,0,0,0,0,0
"P72772",96253,119870,0,52609,77972,77996,81844,67436
"P72775",0,0,0,0,0,0,0,0
"P72776",0,0,0,0,0,0,0,0
"P72777",119250,91279,0,383600,272760,282490,327630,264370
"P72779",1074500,1489600,0,1357200,1204300,1230700,1440100,1223300
"P72780",157280,159260,0,200250,180440,162070,150320,197090
"P72781",225650,275340,0,393720,336530,318680,128100,281960
"P72786",0,0,0,0,0,0,0,0
"P72789",0,0,0,19119000,0,0,19106000,0
"P72794",0,0,0,0,0,0,0,0
"P72796",0,0,0,0,0,0,0,0
"P72797",646940,795680,0,986830,1056400,836510,1015600,907170
"P72798",1525400,2134100,2335500,1854200,1531100,1900900,651320,1741700
"P72799",318260,223390,0,290390,308520,287520,452100,301840
"P72800",153960,302150,0,217940,191940,172360,0,219040
"P72802",279370,358120,0,347300,247780,271630,327080,263600
"P72804",1832500,2214800,0,1797600,2029000,1952900,549270,2148700
"P72805",821460,1005000,0,1565200,1531300,1425000,287350,952390
"P72806",0,0,0,0,0,0,0,0
"P72807",1141100,1356200,0,1643800,1423600,1157700,939100,1318300
"P72808",0,0,0,0,0,0,0,0
"P72813",0,0,0,0,0,0,0,0
"P72814",474340,527950,0,530510,467300,473420,299310,698160
"P72815",0,0,0,0,0,0,0,0
"P72817",428180,591830,0,498060,399870,484400,178800,538080
"P72818",0,0,0,0,0,0,0,0
"P72819",0,100620,0,0,0,0,0,57945
"P72822",0,0,0,0,0,0,0,0
"P72827",396910,450250,0,418520,468170,460930,736290,503090
"P72828",0,0,0,0,0,0,0,0
"P72834",167230,172640,0,199210,284450,260930,175840,174360
"P72839",341890,402790,0,426000,359290,291940,492210,423190
"P72840",0,0,0,0,0,0,0,0
"P72842",0,0,0,0,0,0,0,0
"P72845",259580,248250,0,285430,376540,357360,0,295210
"P72848",679680,399860,0,555030,648830,641500,1086400,562150
"P72849",454550,415370,0,394420,407960,411450,261660,333610
"P72850",0,0,0,0,418160,0,0,348590
"P72851",509390,362250,0,359640,325150,320840,277600,340820
"P72852",157930,217770,0,165130,125230,157130,250530,178630
"P72854",534280,526590,0,473210,570400,518140,396180,494220
"P72856",599710,555250,0,691790,710340,707910,1036600,649790
"P72861",0,0,0,0,0,0,0,0
"P72863",110970,104320,0,0,0,105290,0,94261
"P72864",470260,359090,0,442500,560420,432050,680510,437020
"P72865",315360,0,0,297070,333130,242080,413110,253600
"P72866",1607800,1340900,0,1462900,717470,2214700,1418300,1304600
"P72868",171560,148600,0,0,113470,160560,0,0
"P72870",2606900,2380500,1643400,2347100,2345000,3007500,640340,2654800
"P72871",1650600,1764800,0,1786900,2024400,2076100,2560700,2157700
"P72874",2554300,1669900,0,2345900,1576100,1858300,2701100,2110400
"P72877",0,0,0,0,0,0,0,0
"P72883",0,0,0,0,0,0,0,0
"P72887",0,0,0,0,0,0,0,0
"P72888",0,0,0,0,0,0,0,0
"P72890",62304,29558,0,62749,28509,31087,137900,83783
"P72893",84530,0,0,84682,0,59303,0,0
"P72896",0,0,0,0,144460,100820,0,0
"P72897",632550,790580,0,749720,644850,724330,598640,863350
"P72899",0,0,0,0,0,0,0,0
"P72900",0,0,0,0,0,0,0,0
"P72901",0,0,0,0,0,0,0,0
"P72902",0,0,0,0,0,0,0,0
"P72903",0,0,0,0,0,0,0,0
"P72907",0,0,0,0,0,0,0,0
"P72908",0,0,0,0,0,0,0,0
"P72911",0,0,0,0,0,0,0,0
"P72913",46108,49181,0,120270,158660,150250,46507,0
"P72920",0,0,0,0,0,0,0,0
"P72925",589730,701570,0,442030,370830,437390,0,496340
"P72927",0,41457,0,57295,47169,48997,0,42437
"P72929",237700,243790,0,235990,280110,208000,185420,228680
"P72931",87890,74216,0,70571,86521,84361,161870,72816
"P72932",704920,761800,0,854760,863900,718570,0,662410
"P72933",103550,110410,0,78480,108760,92733,131560,88333
"P72934",0,0,0,0,0,0,0,0
"P72937",0,0,0,0,76334,47557,0,36949
"P72940",2295000,2560400,0,2104800,1700900,1969100,2716400,2356800
"P72942",0,0,0,0,0,0,0,0
"P72944",0,0,0,0,0,0,141360,66677
"P72948",82621,91283,0,77250,85977,80219,113530,95479
"P72952",143230,165300,0,151800,114930,174490,0,167380
"P72955",321500,453990,0,286900,299510,376100,297420,296830
"P72960",0,0,0,0,0,0,0,0
"P72961",0,0,0,0,0,0,0,0
"P72963",0,0,0,0,0,0,0,0
"P72964",205200,233020,0,227110,230620,189800,192210,259930
"P72965",62324,84223,0,69054,86004,52000,0,74754
"P72966",0,0,0,0,0,0,0,0
"P72967",168990,209760,0,273660,258870,245490,255700,327870
"P72968",88867,0,0,78007,83416,92061,118300,110640
"P72976",0,0,0,39654,42592,0,0,0
"P72977",104440,119800,0,174380,79953,82395,0,80605
"P72979",0,0,0,0,0,0,0,0
"P72980",73094,72133,0,44881,57462,82226,0,73678
"P72985",1217000,1704400,0,1874700,1334100,1199300,428530,1358100
"P72987",0,0,0,77973,56482,0,0,61237
"P72988",0,0,0,57575,88344,76492,0,81820
"P72989",0,89237,0,82082,58797,64178,82377,59975
"P72991",561800,535810,0,629750,573110,607100,974730,698460
"P73001",0,0,0,0,0,0,0,0
"P73004",269390,295060,0,323600,280010,275200,359100,323590
"P73006",66925,91625,0,123240,89431,70269,0,86838
"P73007",115590,0,0,140160,109370,138450,54589,113280
"P73008",186250,178030,0,219600,218660,201860,332490,224160
"P73010",393520,0,0,321380,217270,0,486680,0
"P73012",0,0,0,0,0,0,0,0
"P73014",0,0,0,0,0,0,0,0
"P73016",0,0,0,0,136350,143170,0,0
"P73017",0,0,0,0,0,0,0,0
"P73018",49207,0,0,0,58526,48133,0,0
"P73019",0,0,0,0,0,0,0,0
"P73020",230560,182610,0,189320,239980,212060,236390,187260
"P73023",0,0,0,0,0,0,0,0
"P73024",0,0,0,0,0,0,0,0
"P73029",0,0,0,0,0,0,0,0
"P73031",0,0,0,0,0,0,0,0
"P73032",0,0,0,0,0,0,0,0
"P73033",0,0,0,0,0,0,0,0
"P73037",1092600,1166900,0,893820,801260,785060,969880,900920
"P73039",0,0,0,0,0,0,0,0
"P73040",102670,155800,0,115560,169780,167290,108230,129910
"P73042",0,0,0,0,0,0,0,0
"P73043",162880,0,0,229310,321750,239630,115270,278080
"P73048",1688500,1864200,0,1661000,2264000,1996000,1922100,1687200
"P73049",84191,61026,0,0,77294,64269,0,0
"P73055",0,357050,0,289780,240500,275450,0,150270
"P73056",739900,704790,0,767850,905520,535460,0,917500
"P73057",3584400,4150700,0,3411700,2412600,3025300,552870,3338500
"P73058",198890,202310,0,216660,220590,226220,122710,187990
"P73061",94500,100040,0,102460,155200,112990,0,114610
"P73065",0,0,0,0,0,0,0,0
"P73066",229980,329710,0,205980,199720,193640,756750,236330
"P73067",138470,91989,0,136610,202980,150870,210620,122570
"P73068",450060,606870,0,461450,649080,494820,0,541840
"P73069",507850,387090,0,505070,435650,563240,328290,492450
"P73071",0,0,0,0,0,0,0,0
"P73077",60447,50805,0,72118,79946,65516,82401,57738
"P73078",0,0,0,0,0,0,0,0
"P73080",161380,216350,0,143190,129710,139370,0,157320
"P73081",0,102860,0,101600,97836,67253,0,95737
"P73083",0,0,0,56117,40446,0,0,51221
"P73085",0,0,0,57157,63873,0,0,0
"P73089",0,0,0,0,150290,125940,0,118760
"P73091",0,0,0,0,0,0,0,0
"P73092",103140,120670,0,105500,140030,134520,75567,102400
"P73093",9953900,12500000,273210,9330200,7642100,8839200,7498100,10152000
"P73094",0,0,0,0,0,0,0,0
"P73095",0,0,0,0,0,0,0,0
"P73097",118940,94647,0,92121,74391,97599,0,89044
"P73098",816850,1064600,0,807090,772220,770870,1018800,668680
"P73103",6946900,6735600,164070,6611100,6867400,7500100,5004000,7448900
"P73104",223970,181850,0,173740,161240,138390,0,107820
"P73107",742200,1071800,0,1076700,1072200,1222700,606710,1198000
"P73111",1210000,1406500,0,848690,895680,934180,74327,1121000
"P73113",286460,304490,0,283250,203330,181430,262060,263420
"P73114",0,0,0,0,0,0,0,0
"P73117",0,53042,0,68031,73731,54394,0,0
"P73118",0,0,0,0,0,0,0,0
"P73120",247200,231390,0,323600,430250,327720,705280,303960
"P73122",0,0,0,0,0,0,0,0
"P73123",202000,133880,0,69546,66602,71808,0,0
"P73126",0,0,0,0,60081,0,0,63082
"P73127",0,230580,0,0,0,203400,0,0
"P73128",161130,122170,0,208200,251660,231000,288940,138730
"P73129",0,0,0,0,151740,135280,0,0
"P73130",70519,72669,0,68240,67583,53037,114710,66027
"P73133",72518,66849,0,86463,122390,109960,0,76583
"P73135",0,0,0,119370,123140,0,0,0
"P73138",0,0,0,0,0,0,0,0
"P73139",0,0,0,0,0,0,0,0
"P73141",150880,232020,0,177310,191960,139490,332400,190160
"P73142",77228,0,0,76680,70121,0,0,91150
"P73145",120990,124360,0,173890,151930,141810,0,143740
"P73146",0,0,0,109820,107160,0,0,82898
"P73150",0,94928,0,0,63459,67990,0,72583
"P73152",833400,970950,0,733960,569720,644020,719240,688080
"P73153",0,0,0,0,0,0,0,0
"P73154",0,0,0,0,0,0,0,0
"P73155",0,0,0,0,0,0,0,0
"P73156",0,101520,0,139980,108720,126800,50526,122230
"P73157",0,238790,0,135670,94582,164030,0,100880
"P73159",0,0,0,0,0,0,0,0
"P73161",0,0,0,266820,230660,229880,230060,204840
"P73163",288400,336870,0,340110,320140,340510,470390,332460
"P73166",0,0,0,0,0,0,0,0
"P73168",0,0,0,0,0,0,0,0
"P73172",0,0,0,186320,171730,146670,0,0
"P73173",378170,439220,0,462230,523810,389020,702640,487240
"P73175",361860,542280,0,554540,424930,319170,486610,420690
"P73177",0,0,0,0,143770,151860,0,0
"P73178",529560,556810,0,524940,488110,451380,248640,543250
"P73179",50557,57927,0,75380,83042,80282,136320,92677
"P73180",0,0,0,0,0,0,0,0
"P73186",0,0,0,0,0,0,0,0
"P73188",0,0,0,0,0,0,0,0
"P73189",0,0,0,0,0,0,0,0
"P73192",0,0,0,238800,0,0,0,241600
"P73193",103400,143240,0,0,107790,179510,0,83890
"P73195",0,0,0,98283,0,0,289350,0
"P73196",1255400,1278100,0,1124800,931270,1012200,860370,1124700
"P73198",380890,462540,365250,374330,401010,381060,283700,469830
"P73200",1198300,1169100,0,978540,1156600,1026800,738250,1140300
"P73201",394900,443850,0,551530,590050,516520,757360,491740
"P73202",9383800,12126000,5537900,9356100,9226100,10293000,5471400,11426000
"P73203",11056000,9347900,1928400,7295900,8209700,8659800,5064900,8534700
"P73204",4610100,4184900,1389600,4415600,4046000,3525700,1856900,4537400
"P73207",0,78839,0,72142,136030,109690,110020,151900
"P73212",0,0,0,109560,110090,0,0,0
"P73213",864910,825370,0,1097700,912770,785630,937270,1123400
"P73214",263090,330630,0,322450,162690,142540,0,199060
"P73217",0,0,0,0,0,0,0,0
"P73218",0,0,0,0,0,0,0,0
"P73219",51140,64072,0,50318,55577,53329,0,52053
"P73220",0,0,0,0,0,0,0,0
"P73222",243310,255200,0,274190,263410,238610,0,334890
"P73235",77318,139480,0,106040,88045,83338,129230,115990
"P73236",67506,74727,0,54614,62986,44148,0,63249
"P73238",56450,0,0,45202,46091,42856,50666,42841
"P73242",0,0,0,0,0,0,0,0
"P73243",235820,277050,0,324190,331860,330050,369170,307050
"P73244",103340,150540,0,221730,143480,256640,829850,158190
"P73252",0,0,0,0,0,0,0,0
"P73253",1990000,2093100,1470300,2028500,1641200,1665700,3541900,1869900
"P73257",237180,346500,0,288930,351020,300270,202050,293120
"P73263",547640,653380,0,572150,537180,540750,1102100,654870
"P73264",289740,223970,0,260280,342170,321590,391210,307810
"P73267",0,187970,0,0,161000,134300,0,0
"P73268",0,0,0,29368,29117,0,0,0
"P73270",0,0,0,138310,139050,114140,134070,0
"P73271",0,0,0,0,0,0,0,0
"P73272",0,0,0,0,0,0,0,0
"P73274",180040,139360,0,182770,262420,193250,118360,175570
"P73278",0,0,0,0,0,0,0,0
"P73279",0,0,0,60377,87379,130400,0,47481
"P73282",2439400,2127900,0,2157900,2875200,2930600,3249600,2387700
"P73283",181200,131120,0,173250,240640,195840,392340,198100
"P73285",0,0,0,0,0,0,0,0
"P73286",92178,152420,0,173130,173340,180950,0,120520
"P73287",111210,86754,0,148220,164730,177310,0,125570
"P73289",4873000,3761600,162250,4854900,3577900,4903600,8056100,3690900
"P73290",544520,546180,0,688610,836800,729850,1052800,594180
"P73292",1769900,1677500,0,2236900,1923200,1017000,1211000,2333000
"P73293",6400000,5837600,1947800,5167900,4442900,4081200,5427000,4814000
"P73294",4200000,8334500,270620,3535500,3205600,3816800,1317400,4472600
"P73296",2623200,3301000,0,2484600,1872800,2446100,4270800,2605100
"P73297",2229600,1893400,0,1947600,1668700,1925900,2055100,1986400
"P73298",2681400,3629500,741360,3152600,3124800,3092700,3228700,3510500
"P73299",6222300,5739300,396100,5416300,4349600,4835300,5055400,5988000
"P73300",2474500,1770900,0,1529800,1213600,1381900,3387300,1589800
"P73301",691010,720990,0,659630,681540,570360,809240,712060
"P73302",1514600,1835400,662330,2300500,1875900,1811200,1581600,1669600
"P73303",4912500,4797700,1246200,5251700,5131100,4795700,1454400,4340400
"P73304",2756900,2090200,0,2059800,1982900,2026700,2284500,1820900
"P73305",4835800,3113800,0,2915600,4658300,3954700,8927900,4295500
"P73306",5962100,6987900,88498,6646000,5457400,5928300,2964700,6691800
"P73307",1484100,1358200,0,1419300,1622300,1710100,1709800,1252400
"P73308",4989200,6774200,1047100,5074500,4468500,5016100,1790400,5979600
"P73309",8732900,5309400,3700800,6244700,4051000,5076100,8674400,7893200
"P73310",4442300,6745300,1456000,4573800,4016600,4242700,1025800,5627000
"P73311",2478500,2915300,4652600,2456500,2652900,2328900,658990,2292600
"P73312",5313600,3800500,3371800,5457200,5700300,4988200,4320500,4126600
"P73313",2281900,2517700,3330100,1645400,1197700,1193100,723670,2726200
"P73314",1174300,1026400,0,1066600,1161000,1031900,2095100,966880
"P73315",2196300,2398600,1124900,2736300,1673000,2706200,1211000,3100100
"P73316",5844500,5277900,0,5609200,5244300,5901900,6260500,5462100
"P73317",3844000,4645000,1054200,4648100,3197700,3408300,3904800,3785200
"P73318",3319400,2436100,946550,3206800,2850400,2562500,4251800,2840600
"P73319",5830400,6542200,500420,5488400,5469000,5617400,2189800,6160100
"P73320",6226400,5250500,999010,4028600,3103300,3901200,3164800,4542200
"P73321",1643900,1861600,0,1243900,1115500,1436100,967280,1354600
"P73325",56104,58042,0,78231,60197,54744,96460,74420
"P73326",148560,122560,0,138810,185530,176130,0,146880
"P73328",371250,363230,0,499040,317530,415700,360690,314240
"P73923;P73330",0,0,0,0,0,0,0,0
"P73334",1551100,1346600,109480,1579500,1767800,1526000,1868700,1488100
"P73335",0,0,0,50822,45222,70844,0,45264
"P73336",3634200,4186400,0,5199000,4477600,4575300,2788400,2768000
"P73340",224020,168220,0,189210,168050,160290,146250,126560
"P73342",0,0,0,0,0,0,0,0
"P73343",0,0,0,133450,131780,106760,0,131020
"P73344",85989,115200,0,77652,69276,80011,0,63537
"P73346",0,0,0,0,52582,69915,0,0
"P73348",7637600,10486000,516500,8029600,6963200,7310800,3421100,8164400
"P73353",0,0,0,0,0,0,0,0
"P73354",61586,85809,0,0,40058,52228,0,42921
"P73355",584490,811170,0,561060,583470,566540,775910,442010
"P73356",0,169780,0,105380,0,116400,101460,121610
"P73357",165850,231070,0,230690,72712,187270,0,212670
"P73359",246880,0,0,204990,226560,0,0,0
"P73360",0,0,0,0,0,0,0,0
"P73361",0,0,0,0,0,0,0,0
"P73368",0,0,0,0,0,0,0,0
"P73370",155840,0,0,154440,180640,208400,0,130170
"P73371",186710,0,0,306590,0,203410,186170,351070
"P73375",0,0,0,52998,59511,44433,0,0
"P73376",1848300,1822200,94513,2398500,1923400,1566200,2811900,1829300
"P73377",0,0,0,0,0,0,0,0
"P73383",0,0,0,43226,51274,41935,0,31028
"P73388",1847000,1883400,0,2449900,2231400,1676800,2034300,1905600
"P73390",0,0,0,0,0,0,0,0
"P73392",130350,179010,0,128540,185860,247850,144170,233720
"P73393",0,0,0,51634,0,0,0,82254
"P73404",0,0,0,0,0,0,0,0
"P73405",572820,732840,0,371250,451870,586670,0,376040
"P73406",0,0,0,0,0,0,0,0
"P73407",233660,233490,0,282920,308640,315190,365990,201280
"P73409",4976100,4382100,2826900,7737600,6100200,5880000,4598500,7709800
"P73410",1144900,913380,0,902170,1059600,910910,287390,1089400
"P73411",132060,209700,0,203130,297780,298540,184580,193020
"P73412",0,0,0,0,40171,35915,0,0
"P73416",64934,96989,0,86354,66614,62332,0,86271
"P73418",6121800,8066800,3620400,6013800,5729400,6486700,7641300,6124700
"P73420",0,0,0,0,0,0,0,0
"P73422",119910,117780,0,127350,144830,134320,110560,112080
"P73424",234660,263480,0,233190,231330,225090,348310,193660
"P73425",150480,162090,0,152890,132820,106320,0,141140
"P73426",189790,234350,0,186540,149470,134330,210840,188910
"P73431",0,82910,0,74983,84959,77973,100080,63411
"P73436",0,0,0,0,0,0,0,0
"P73437",160090,164390,0,207820,250110,218420,309180,175880
"P73438",0,0,0,0,0,0,0,0
"P73439",87759,114690,0,112120,82844,75323,0,93826
"P73440",95033,161530,0,120940,165640,152260,0,139720
"P73441",343370,411870,0,387260,324480,294580,566110,362370
"P73443",194380,428010,0,154440,202470,233590,190130,220330
"P73445",91159,109600,0,85691,106930,109170,0,103320
"P73447",0,0,0,0,0,0,0,0
"P73448",0,0,0,0,0,0,0,0
"P73449",229340,235530,0,285250,332140,286410,573340,289040
"P73450",68442,27665,0,64799,104730,85948,87405,52379
"P73451",344940,0,0,0,77587,0,0,0
"P73452",3453800,3276400,0,3888200,4754400,3760700,5700500,4028900
"P73453",0,0,0,0,0,0,0,0
"P73455",116630,201660,0,143660,106930,98761,149810,118060
"P73456",1027700,1251900,0,1027500,1019300,1127800,1669900,1360700
"P73458",1003400,1064600,453860,1272600,1022300,831100,1228500,1258400
"P73461",80686,94060,0,78153,0,0,116710,100870
"P73462",0,0,0,0,0,0,0,0
"P73463",423780,699460,299680,750980,726000,721900,702390,640780
"P73465",140950,115330,0,158550,149250,128850,0,113510
"P73466",110860,131360,0,127920,102140,109500,0,129830
"P73467",0,0,0,0,0,0,0,0
"P73468",0,0,0,0,0,0,0,0
"P73471",438190,674410,0,542770,501440,665520,418200,549140
"P73472",253270,255620,0,243420,287640,266970,98742,225290
"P73473",0,0,0,22101,0,24632,0,0
"P73477",0,0,0,0,0,0,0,0
"P73478",0,82255,0,86584,86580,59502,0,0
"P73479",0,0,0,0,39259,25119,0,0
"P73480",0,0,0,67969,71339,91116,0,0
"P73481",232130,442750,0,406910,440860,466470,716530,322300
"P73482",0,0,0,0,0,0,0,0
"P73488",3296200,2979100,0,2432300,3158700,4157200,1998100,2768800
"P73489",0,0,0,342670,348750,580930,0,248320
"P73492",372510,343600,0,507880,487940,446280,543470,385180
"P73493",68950,91503,0,52831,82773,81406,0,63247
"P73494",0,0,0,0,0,0,0,0
"P73495",0,0,0,0,98599,71417,0,0
"P73496",206760,0,0,208730,110220,307090,0,333130
"P73497",271850,312060,0,314000,186580,265570,192840,259250
"P73499",0,0,0,0,0,0,0,0
"P73500",0,0,0,0,0,0,0,0
"P73501",0,196380,0,190500,164120,140750,0,216510
"P73503",0,0,0,123520,180560,138870,0,0
"P73505",215870,290140,0,247920,263240,341150,370340,242130
"P73510",101130,103270,0,92161,136310,111920,0,138490
"P73511",0,0,0,0,0,0,0,0
"P73515",0,0,0,0,0,0,0,0
"P73525",0,0,0,0,0,0,0,0
"P73527",303410,337780,0,289810,454090,458820,985190,421430
"P73529",0,86537,0,94538,98091,0,91174,94909
"P73530",1466900,1276300,0,1307200,1485100,1243000,506820,1262400
"P73534",559520,378170,0,432360,709660,595760,297230,442190
"P73535",0,96307,0,97186,94281,98853,0,93005
"P73537",0,0,0,0,0,0,0,0
"P73538",115620,123430,0,89308,75214,97770,251870,103490
"P73541",131880,131160,0,143210,177700,144880,439250,166550
"P73542",0,0,0,0,0,0,0,0
"P73544",0,0,0,0,0,0,0,0
"P73545",0,0,0,45687,0,34221,0,0
"P73546",157590,154810,0,223330,275730,259570,202190,191090
"P73547",0,0,0,0,0,0,0,0
"P73551",0,0,0,0,0,0,0,0
"P73552",0,0,0,0,0,0,0,0
"P73553",0,0,0,0,0,0,0,0
"P73556",63770,96342,0,85621,134170,98024,109020,82220
"P73557",0,0,0,140560,129850,249700,400170,2126100
"P73558",170290,146910,0,159860,273550,235880,0,177460
"P73560",166150,113180,0,115440,105020,131410,242220,148380
"P73562",0,0,0,0,0,0,0,0
"P73563",0,0,0,0,0,0,0,0
"P73565",0,0,0,0,0,0,0,0
"P73566",0,0,0,0,0,0,0,0
"P73567",120120,115410,0,146640,123150,105050,102990,137430
"P73568",0,0,0,0,0,0,0,0
"P73573",0,47758,0,46292,0,39577,71676,0
"P73574",177570,290930,0,0,0,344330,0,119230
"P73579",0,0,0,0,0,0,0,0
"P73581",0,0,0,0,0,0,0,0
"P73582",0,0,0,0,0,0,0,0
"P73585",0,0,0,52305,58578,0,0,0
"P73586",259730,308370,0,374810,303330,239450,434200,346160
"P73587",0,189660,0,246020,221100,281500,0,0
"P73589",0,74219,0,65699,118750,73587,71545,92676
"P73591",0,60566,0,70622,68627,61606,0,69272
"P73592",147220,214380,0,178590,218690,324120,63692,205280
"P73593",0,0,0,0,0,0,0,0
"P73594",170100,206140,0,172560,164040,167320,157380,210140
"P73595",0,50703,0,72137,100140,98542,0,84016
"P73596",707440,645830,0,769440,857060,726440,1386000,885230
"P73597",166100,160430,0,158570,244650,170080,384400,183830
"P73598",0,0,0,0,96218,96925,0,0
"P73599",0,0,0,0,0,0,0,0
"P73600",774830,667460,0,794710,969190,946250,529670,923100
"P73601",520550,585920,0,591230,729110,543010,778440,519090
"P73602",652190,757590,0,834920,825210,720620,1558400,925370
"P73603",1441200,1501200,0,1252400,1387300,1274600,712250,1698300
"P73604",1617500,1770900,0,1304100,1244600,1257900,437040,1628800
"P73605",491280,461600,0,371770,467480,557440,580190,531430
"P73606",267310,232110,0,261440,339120,334520,110730,247160
"P73608",0,0,0,0,0,0,0,0
"P73609",228010,0,0,106350,124180,0,0,0
"P73611",0,0,0,0,0,0,0,0
"P73617",0,0,0,0,0,0,0,0
"P73619",88679,88154,0,73093,95053,124550,234810,76078
"P73620;Q6ZEL2;Q6ZEP8;Q6ZEK6;Q6YRS8",0,0,0,0,0,0,0,0
"P73621",0,0,0,0,34948,0,0,37248
"P73622",0,0,0,0,0,0,0,0
"P73625",53284,0,0,51301,0,54585,0,57408
"P73626",892580,1010400,0,902240,793750,766280,465590,976100
"P73627",0,0,0,0,0,0,0,0
"P73628",777710,825740,0,1089900,894270,917980,1166300,1019600
"P73629",0,0,0,0,0,0,0,0
"P73630",90768,0,0,113680,0,92982,140450,127460
"P73632",245610,195420,0,211950,271200,282910,423470,225890
"P73636",971160,439420,0,723920,579140,714400,353060,557140
"P73637",0,71497,0,69468,67701,70307,54723,51457
"P73638",162870,165500,0,182740,181330,160750,0,173130
"P73639",0,0,0,0,0,0,0,0
"P73640",0,0,0,0,0,0,0,0
"P73641",0,77779,0,0,78464,59112,0,101120
"P73643",516720,684290,0,558270,589780,573660,499120,604330
"P73646",0,0,0,0,0,0,0,0
"P73647",41667,35832,0,49394,62321,48895,174590,53563
"P73648",61187,59623,0,72192,69365,54266,0,56272
"P73650",0,0,0,0,0,0,0,0
"P73651",0,0,0,0,0,0,0,0
"P73652",494540,627290,0,715570,854550,722700,0,669960
"P73653",133080,133240,0,147200,168480,125720,0,138620
"P73654",9765200,4392600,0,4818700,3594000,5525100,3107100,9524300
"P73655",441260,387640,0,527390,426810,368790,449610,453280
"P73656",0,0,0,0,0,0,0,0
"P73660",1362000,1399500,0,1286600,1214300,1042100,1588500,1234600
"P73662",0,0,0,0,0,0,0,0
"P73666",0,0,0,0,0,0,0,0
"P73668",0,0,0,41151,54201,54322,45054,0
"P73669",0,0,0,0,0,0,0,0
"P73672",163980,150260,0,183080,197850,186660,233160,162300
"P73674",0,0,0,82078,0,38965,96771,0
"P73677",0,0,0,0,47929,35139,0,0
"P73680",89671,79219,0,80463,125530,109430,0,82894
"P73681",538360,687470,0,666690,707180,582010,553110,638080
"P73684",0,0,0,37044,28897,45207,0,23910
"P73686",0,0,0,0,0,0,0,0
"P73690",60466,48347,0,74233,60960,106210,219990,80792
"P73693",0,0,0,0,0,0,0,0
"P73695",0,0,0,37898,37941,0,0,0
"P73696",0,0,0,0,0,0,0,0
"P73698",0,0,0,0,0,0,0,0
"P73699",0,0,0,0,0,0,0,0
"P73704",9230900,12224000,0,8128300,10048000,8072300,1251100,9952900
"P73705",0,0,0,0,0,0,0,0
"P73706",0,0,0,0,0,0,0,0
"P73707",0,0,0,0,0,0,0,0
"P73708",139070,94915,0,139760,99786,113220,0,132720
"P73709",0,0,0,0,0,0,0,0
"P73710",0,0,0,0,0,0,0,0
"P73711",3868100,3278000,143160,3701400,2565400,3692000,1590500,2501200
"P73714",0,0,0,0,0,0,0,0
"P73716",154430,250880,0,204190,217410,185390,310030,175430
"P73719",308730,336900,0,433500,286160,295330,336680,325690
"P73720",157420,118470,0,114930,186270,144230,177140,162110
"P73721",175050,127040,0,150440,197800,169500,0,184330
"P73722",1617500,2078900,2152100,1622800,1998100,2484200,2267600,1975500
"P73723",102490,87335,0,104530,91879,90803,0,132210
"P73724",45120,76855,0,69133,74835,69837,48213,37202
"P73725",0,0,0,0,0,0,0,0
"P73728",2231100,2606200,0,1976300,2478300,2236000,2645800,2504300
"P73729",0,0,0,25755,0,0,0,20972
"P73730",485030,634880,0,496020,474360,374110,296640,519550
"P73731",0,0,0,135090,100810,0,0,115140
"P73732",166830,161650,0,228810,211600,212500,350700,225220
"P73733",66543,0,0,0,0,69876,0,48827
"P73734",210440,230920,0,216280,201480,160050,163080,222450
"P73735",0,0,0,0,0,0,0,0
"P73736",717380,638250,0,614780,699550,694660,0,620900
"P73737",0,0,0,57994,63949,57671,0,45468
"P73740",0,0,0,0,0,0,0,0
"P73742",0,0,0,0,0,0,0,0
"P73746",0,0,0,0,0,0,0,0
"P73747",218400,264620,0,249270,365560,239030,357500,299210
"Q55697;P73980;P73748;Q6ZE47;P72947;P73968;Q55645;P75027;P73976;P73531;Q57248;P74807",0,0,0,0,0,0,0,0
"P73754",0,67125,0,47990,72650,40885,0,0
"P73755",0,0,0,0,61098,0,151220,0
"P73758",90961,78763,0,89300,140910,96246,94796,90615
"P73761",0,120480,0,0,0,145110,0,0
"P73762",467540,597010,0,579510,576430,547200,389910,561890
"P73768",0,0,0,29609,25869,21748,0,20892
"P73769",28476,23115,0,26193,30683,27003,0,25463
"P73775",0,0,0,0,0,0,0,0
"P73784",0,0,0,0,0,0,0,0
"P73785",182830,192820,0,180720,176000,192140,120500,165020
"P73789",3739300,4498000,326440,3114600,2294900,3791400,385360,3192900
"P73790",0,0,0,412970,115340,234830,0,0
"P73791",0,0,0,0,0,0,0,0
"P73796",833820,877560,0,775470,473180,744780,501240,632750
"P73799",828100,1035800,0,900310,904740,800280,1220400,948700
"P73800",354350,452750,0,395230,329360,395940,598330,384370
"P73801",608890,703630,0,656630,999810,799890,202000,832860
"P73803",122520,104630,0,165010,155240,145570,198570,161020
"P73804",350940,267190,0,231740,194030,234710,228720,299660
"P73807",267410,259870,0,272040,203160,0,282700,230840
"P73808",0,0,0,0,0,0,0,0
"P73810",475790,490620,0,535470,476010,455450,526940,484900
"P73813",0,0,0,0,0,0,0,0
"P73817",423180,298580,0,530360,3315100,3491300,1816700,3188300
"P73819",0,606440,0,611360,500990,571270,300990,644590
"P73821",405040,393730,0,444210,569140,532860,369540,433550
"P73824",2577200,3593100,0,3434600,2461700,2812300,628300,2866000
"P73825",0,0,0,0,53658,73648,0,73353
"P73826",0,0,0,96750,118030,101440,0,103070
"P73831",0,150350,0,131910,138760,161430,0,146460
"P73832",117880,109490,0,97222,120470,113000,124880,100620
"P73833",89636,50749,0,68128,85199,107960,0,83448
"P73835",0,0,0,0,0,0,0,0
"P73836",164720,201850,0,96654,165440,125530,311280,176800
"P73837",57520,0,0,0,81726,81367,0,59776
"P73841",0,155410,0,142860,0,0,0,160600
"P73842",0,0,0,0,0,0,0,0
"P73846",0,0,0,0,0,0,0,0
"P73848",0,0,0,0,0,0,0,0
"P73849",262140,316370,0,318590,344160,392800,365010,294730
"P73851",539780,543090,0,460930,618920,554380,1126400,495450
"P73852",0,0,0,0,56234,53131,0,0
"P73853",876000,950770,0,760840,826560,829510,1043600,992180
"P73859",0,60802,0,0,0,68108,0,38022
"P73862",0,0,0,0,0,0,0,0
"P73872",57216,60400,0,65415,90537,63412,193600,61835
"P73873",117780,119780,0,131640,120590,89891,0,108950
"P73874",127790,89669,0,94542,60305,103930,157010,127060
"P73875",1748200,1567900,0,1729200,809860,1446800,1988700,1079700
"P73876",137470,0,0,71805,126640,98434,0,185360
"P73877",0,0,0,0,0,0,0,0
"P73882",0,0,0,0,0,0,0,0
"P73885",0,0,0,0,0,0,0,0
"P73886",361650,417910,0,434020,572340,516390,614380,435480
"P73889",47498,113380,0,62632,0,0,0,0
"P73896",0,0,0,0,0,0,0,0
"P73902",0,0,0,0,0,0,0,0
"P73904",87300,106210,0,55676,69221,0,0,0
"P73906",40946,0,0,0,51694,44014,0,48314
"P73909",0,40471,0,32243,35848,35978,0,47184
"P73910",0,0,0,0,0,0,0,0
"P73911",81237,0,0,72467,71416,64688,100260,72252
"P73913",90412,69938,0,166580,275080,215990,302390,156660
"P73918",0,0,0,0,0,0,0,0
"P73920",0,75662,0,151680,0,117290,0,116760
"P73921",509550,540100,0,594050,513880,467650,489300,510880
"P73922",1545600,718310,0,861240,1277200,978350,1504600,1061700
"P73925",169850,106950,0,312710,228210,287880,453360,216990
"P73928",0,0,0,0,0,0,0,0
"P73929",0,0,0,0,0,0,0,0
"P73930",0,0,0,161680,0,0,211290,0
"P73934",0,0,0,0,0,0,0,0
"P73935",233810,156440,0,322260,317380,268670,105420,194350
"P73940",170540,237310,0,201470,159470,160680,0,209520
"P73942",64262,61919,0,72565,109030,70167,132920,77461
"P73943",200680,240950,0,149340,158890,181670,204320,145340
"P73944",0,0,0,0,0,0,0,0
"P73945",403560,513650,0,454300,426700,422020,733900,327220
"P73946",642690,542470,0,659390,766890,778200,1142600,701980
"P73947",0,0,0,0,0,0,0,0
"P73950",0,0,0,0,0,0,0,0
"P73951",0,219790,0,176710,235400,189000,0,204300
"P73952",247660,417250,0,389620,317010,354180,0,305900
"P73953",0,0,0,0,0,0,0,0
"P73954",144620,143690,0,217250,262270,228770,0,232670
"P73956",538110,452490,0,583660,426480,440560,221590,409340
"P73959",86126,0,0,95101,64616,0,55560,78163
"P73960",569730,377000,0,381110,488710,505030,664740,418820
"P73961",0,120370,0,39866,0,53154,0,0
"P73963",0,0,0,0,0,0,0,0
"P73971",95611,103560,0,98373,115690,132580,0,108740
"P73973",0,0,0,0,0,0,0,0
"P73979",0,0,0,0,0,0,0,0
"P73989",185430,201590,0,249320,215440,203170,339540,244720
"P73990",0,0,0,72322,91612,0,0,84938
"P73991",0,0,0,0,0,0,0,0
"P73997",61350,0,0,72849,78978,88526,151640,71476
"P73998",0,0,0,0,0,0,0,0
"P73999",0,0,0,0,0,0,0,0
"P74001",107400,160280,0,151720,121670,152080,309100,157890
"P74002",316360,298660,0,327120,349930,301590,188620,332430
"P74006",0,0,0,0,0,0,0,0
"P74007",0,0,0,0,0,0,0,0
"P74008",1785200,1451900,601020,1368000,1581200,1551700,1248700,1331800
"P74009",0,0,0,0,0,0,0,0
"P74016",323900,312870,0,357910,258560,247670,285960,302140
"P74018",0,0,0,0,0,0,0,0
"P74020",0,0,0,0,0,0,0,0
"P74021",0,0,0,0,63632,0,221860,0
"P74022",0,29033,0,0,51991,42129,0,47462
"P74024",59078,45285,0,52673,51967,40979,0,49874
"P74025",0,0,0,0,0,0,0,0
"P74027",0,0,0,38903,0,53076,0,0
"P74029",0,0,0,0,96266,123560,118560,0
"P74030",40068,46200,0,51503,44124,39676,0,48615
"P74032",287470,246080,0,234820,177450,193240,0,198490
"P74033",0,0,0,0,0,0,0,0
"P74035",100930,0,0,90818,88286,82733,79839,101910
"P74036",0,0,0,0,128510,0,72060,84275
"P74037",0,0,0,0,0,0,0,0
"P74038",0,0,0,0,0,0,0,0
"P74041",0,0,0,0,0,0,0,0
"P74042",0,0,0,0,0,0,0,0
"P74043",0,0,0,0,0,0,0,0
"P74044",0,0,0,60147,0,74508,0,0
"P74048",0,46052,0,48286,52605,0,0,50862
"P74049",0,0,0,0,0,0,0,0
"P74054",0,0,0,0,0,0,0,0
"P74056",0,0,0,0,0,0,0,0
"P74060",498530,926300,0,901380,949300,1177100,992400,731010
"P74061",741550,1381600,0,944130,1156000,1018200,1529000,845870
"P74063",264580,261280,0,299960,288660,258900,188320,201600
"P74065",0,0,0,0,0,0,0,0
"P74067",481900,1161900,0,583730,557030,704380,331460,517040
"P74069",168550,170110,0,66575,42769,89362,0,121560
"P74070",2798600,3740100,1565200,4059000,3493100,3730000,3562600,3500500
"P74071",1880000,1933900,1887300,2140900,2416700,2376200,3849300,1528800
"P74073",384580,482300,0,393140,540590,460350,0,515760
"P74074",0,0,0,119010,101050,92894,0,114220
"P74075",105900,143330,0,141250,118100,115070,141730,104820
"P74076",0,0,0,0,0,0,0,0
"P74079",0,0,0,0,0,0,0,0
"P74081",0,0,0,0,0,0,0,0
"P74089",0,0,0,34798,0,58496,0,0
"P74094",0,105350,0,114280,124790,118590,0,84760
"P74101",0,0,0,0,0,0,0,0
"P74102",1518900,1309800,0,1791600,1626900,1450400,1431900,1508000
"P74103",120620,164990,0,315920,235440,260700,84254,222330
"P74104",0,0,0,0,0,0,0,0
"P74106",0,0,0,102990,109200,148280,268000,160800
"P74107",764890,853040,0,787820,750580,604600,0,991380
"P74109",524310,626620,0,1113400,950730,808730,0,1133300
"P74113",1142900,1622300,0,1392400,1388600,1312800,626740,1363200
"P74116",36185,133930,0,157090,109930,154010,107120,125750
"P74119",0,0,0,0,0,0,0,0
"P74120",226590,234750,0,272420,288710,203290,391130,259350
"P74121",0,0,0,0,0,0,0,0
"P74122",1048000,1162800,0,1026600,985110,1076200,1310400,1121800
"P74123",0,0,0,0,0,0,0,0
"P74124",0,0,0,0,42777,44447,0,0
"P74125",0,0,0,0,0,0,0,0
"P74127",0,0,0,0,0,0,0,0
"P74128",0,0,0,0,0,0,0,0
"P74135",7102700,5197600,8304100,8983500,6539000,7487700,4778500,8190900
"P74136",85578,71663,0,109110,104040,75344,152840,96114
"P74137",0,0,0,0,0,0,0,0
"P74138",472580,400080,0,595040,576140,353030,533440,625740
"P74139",0,0,0,37549,43023,45064,0,33310
"P74141",0,0,0,0,40646,30817,0,0
"P74142",610490,610800,121190,791210,628000,675280,467050,596980
"P74144",68833,94913,0,76233,76932,68928,177070,87267
"P74145",340060,319770,0,350570,393380,295780,430650,408950
"P74146",0,155960,0,139280,0,101970,0,0
"P74152",0,0,0,0,0,0,0,0
"P74154",162030,109820,0,190750,238590,103640,0,263620
"P74155",206070,277500,0,314810,336460,300680,579110,350380
"P74156",137880,178930,0,183630,118470,133460,194880,179600
"P74157",168000,132930,0,155480,124790,150770,93283,149080
"P74159",185200,257420,0,206500,115920,138220,0,204690
"P74161",0,75948,0,0,0,65306,0,0
"P74162",167510,240450,0,233610,296430,294860,448590,258210
"P74164",0,0,0,0,0,0,0,0
"P74170",0,0,0,0,0,0,0,0
"P74171",0,0,0,0,0,0,0,0
"P74172",0,0,0,0,0,0,0,0
"P74174",362160,415140,0,271930,289230,258620,510980,389210
"P74175",326480,388990,0,357680,686280,656590,1036300,682580
"P74176",45782,0,0,73302,101040,115940,72221,57492
"P74177",687200,595130,0,586010,847810,790100,807250,683880
"P74178",0,0,0,0,0,0,0,0
"P74179",299630,204180,0,370900,425620,351390,0,281390
"P74181",58842,30033,0,61515,65457,71093,0,74662
"P74182",1055800,1175700,0,977180,927170,1024500,298880,981410
"P74184",727360,935170,0,666430,770850,939600,0,792710
"P74185",896350,839780,0,848020,381720,736880,0,611830
"P74186",209230,298330,0,223350,264840,244930,318220,284000
"P74187",0,43716,0,0,35008,0,0,53495
"P74188",238080,220400,0,236750,265900,234170,150160,253720
"P74189",1243300,1317000,0,1030600,1223200,1228200,673080,1199100
"P74190",0,0,0,0,0,0,0,0
"P74193",635250,528260,0,715250,732550,753890,374330,679780
"P74195;P74627;P74059",0,0,0,60168,47641,0,0,0
"P74201",161890,0,0,212420,197670,0,0,218890
"P74207",419880,508680,0,460150,462610,403410,423980,323400
"P74208",84577,85226,0,83188,116160,92160,156090,89238
"P74211",132930,113660,0,107790,87789,117660,278680,116280
"P74214",201860,251120,0,279540,261390,242710,299530,207000
"P74215",289650,246020,0,245270,322420,267870,183700,241690
"P74216",0,862020,0,0,238100,0,0,0
"P74218",0,0,0,72073,0,69624,0,70629
"P74219",166000,154700,0,141690,114560,206870,112280,134670
"P74223",0,0,0,59690,60942,0,0,0
"P74226",7015200,7233600,15575000,6322200,3799500,5748900,7073700,6142100
"P74227",12663000,15479000,4147900,11982000,12887000,12116000,14416000,13653000
"P74228",368210,425440,0,363040,443540,397900,597270,386880
"P74229",4595000,5050600,332600,5944800,4940700,4596800,3928900,5655600
"P74230",3659300,2467200,11459000,2508200,2559800,2755500,3628700,2531600
"P74232",104390,113320,0,109740,154800,128750,0,146000
"P74233",581020,188570,0,425180,379910,254430,0,222310
"P74236",379670,422690,0,370910,360250,360020,420590,376800
"P74239",205740,53642,0,0,0,0,0,129000
"P74240",33610,19531,0,40807,56628,53346,0,40396
"P74241",1313400,1377400,0,1151000,1458200,1215600,3434000,1322300
"P74242",0,0,0,0,0,0,0,0
"P74244",200900,186210,0,289960,252830,166090,547180,258790
"P74246",0,0,0,0,0,0,0,0
"P74248",0,0,0,102350,0,39469,0,0
"P74250",1331100,1853200,0,1358900,1312500,1309200,2345800,1496900
"P74251",816250,1121700,0,1339600,943990,879870,1932500,1006300
"P74254",0,0,0,0,0,0,0,0
"P74255",0,0,0,0,0,0,0,0
"P74258",0,0,0,0,0,0,0,0
"P74261",0,0,0,0,0,0,0,0
"P74262",303730,275110,0,224060,0,83789,0,0
"P74266",787720,994180,1160700,2155400,2008700,2265600,946050,1238900
"P74267",5105800,3634800,1634000,6348400,2846900,5568300,3753600,5496600
"P74268",0,0,0,189070,226250,182640,0,0
"P74274",0,0,0,0,0,0,0,0
"P74275",425310,486320,0,459870,635330,600390,522000,472090
"P74276",0,0,0,0,0,0,0,0
"P74281",708180,299180,0,399940,515010,464880,197150,318820
"P74282",0,0,0,0,0,0,0,0
"P74283",1493200,1743100,0,1235300,870110,854490,1246700,1077500
"P74284",0,47632,0,49545,0,46462,0,39058
"P74286",0,0,0,0,0,0,0,0
"P74290",880110,0,0,1848300,0,1510800,0,1903500
"P74294",0,0,0,0,0,0,0,0
"P74295",0,269070,0,200680,248600,223650,254890,201270
"P74296",438660,283260,0,412810,503930,505370,582720,339880
"P74297",209510,309710,0,309600,306120,309640,215240,332160
"P74298",163180,148340,0,0,194370,152370,0,188850
"P74299",0,0,0,0,53039,60047,0,0
"P74302",254840,344610,0,233580,215650,207660,372650,207400
"P74305",209830,284500,0,255020,209890,211180,223070,276160
"P74306",84504,83577,0,114650,163520,126090,0,96285
"P74309",220080,221860,0,214700,207120,239710,60385,276770
"P74310",0,0,0,0,0,0,0,0
"P74313",0,0,0,0,0,0,0,0
"P74314",313410,300210,0,244820,322130,390090,201220,247870
"P74315",0,0,0,0,0,67690,0,45458
"P74317",44067,48848,0,39438,49244,0,0,47132
"P74319",0,0,0,0,0,0,0,0
"P74320",171230,194470,0,168860,73223,133890,0,118840
"P74322",50574,0,0,0,0,46618,0,0
"P74323",0,0,0,35106,48809,49887,0,0
"P74324",151210,124620,0,140850,119010,124830,131350,116760
"P74326",0,0,0,0,0,0,0,0
"P74328",576010,608430,0,524690,478870,558220,1096600,507610
"P74330",63801,0,0,99567,112990,99252,165080,73262
"P74331",0,0,0,0,0,0,0,0
"P74334",0,0,0,51691,0,48439,0,0
"P74335",0,0,0,0,0,0,0,0
"P74338",518480,542860,0,683850,639880,509310,763550,669920
"P74339",257220,283900,0,334330,340610,299540,147330,380250
"P74341",0,0,0,0,0,0,0,0
"P74342",0,0,0,0,0,0,0,0
"P74344",246860,254170,0,297370,339060,303260,186730,237630
"P74345",197190,234680,0,232920,235420,159970,88463,202100
"P74346",0,0,0,0,0,0,0,0
"P74349",381800,390760,0,416660,494790,389940,207450,322870
"P74351",148120,130390,0,146670,173470,96583,0,128740
"P74352",2587800,3080400,0,2693600,2208200,2121700,1894600,2846100
"P74354",0,0,0,0,0,0,0,0
"P74357",129480,166590,0,173790,244540,203490,288320,159700
"P74358",0,0,0,0,67680,59681,60568,53910
"P74359",0,0,0,0,0,0,0,0
"P74360",310300,186780,0,271870,352330,239680,441750,228460
"P74361",292460,331190,0,301860,234870,209630,489720,266120
"P74362",0,0,0,0,0,0,0,0
"P74365",0,22806,0,0,42768,0,0,0
"P74366",0,0,0,0,0,0,0,0
"P74367",1739200,3293300,0,2253900,1884700,2236800,968350,2252900
"P74368",0,0,0,0,0,0,0,0
"P74370",0,0,0,49281,0,34433,0,84893
"P74371",247240,279720,0,226170,302550,263530,432240,251900
"P74373",0,0,0,0,0,0,0,0
"P74375",325410,354870,0,344860,343050,286920,308760,338700
"P74379",203580,0,0,0,218010,243620,392790,0
"P74380",363990,0,0,409150,0,0,484990,0
"P74383",1092500,1350700,0,1440500,1133000,984190,1243800,1342600
"P74384",0,516770,0,460730,737670,572960,272350,489480
"P74386",187500,85978,0,298280,150760,187180,0,238730
"P74388",0,0,0,0,0,0,0,0
"P74390",3278600,3285100,0,3608000,3644400,3435800,3614100,3821800
"P74392",325800,378000,0,331400,257140,266470,230100,363320
"P74394",486840,274350,0,883160,590650,551740,413330,467670
"P74395",192230,243290,0,195750,109580,126420,408520,180300
"P74396",0,0,0,75229,82019,88110,0,98921
"P74399",0,0,0,0,0,0,0,0
"P74409",0,0,0,0,0,0,0,0
"P74410",2604100,1928800,1133700,2499400,1638900,1610100,2930700,2111500
"P74411",109960,254350,0,130160,187590,181480,324960,160350
"P74412",0,0,0,0,0,0,0,0
"P74413",0,0,0,0,0,0,0,0
"P74415",0,0,0,62209,59117,57135,0,71027
"P74416",0,113210,0,145360,162720,160790,132360,135520
"P74421",2731000,2641000,408830,2499900,3504400,3458800,3346700,2917600
"P74423",212110,198130,0,198420,174750,227980,0,197880
"P74424",0,0,0,0,0,0,0,0
"P74426",2963500,3719700,0,3373000,2416100,2767500,3280400,3276100
"P74427",0,0,0,53127,0,0,0,41463
"P74428",410250,480330,0,381600,364030,426910,436430,253150
"P74429",82414,68586,0,80612,108590,118230,0,68636
"P74430",0,0,0,0,0,0,0,0
"P74431",0,0,0,0,0,0,0,0
"P74432",72817,65747,0,68575,0,31700,0,0
"P74433",185270,163100,0,125540,131020,173650,178500,157860
"P74434",178640,136440,0,223180,140570,113030,88555,144400
"P74438",0,0,0,0,0,0,0,0
"P74440",0,0,0,0,0,0,0,0
"P74443",0,0,0,0,0,0,0,0
"P74444",0,0,0,0,0,0,0,0
"P74447",545200,764990,0,839010,686120,604290,429810,659900
"P74448",58188,69011,0,71641,60060,62545,150060,72323
"P74449",0,0,0,0,0,0,0,0
"P74450",71790,154760,0,174020,157220,158150,89653,139820
"P74452",0,0,0,0,44460,39873,0,0
"P74453",0,0,0,0,0,0,0,0
"P74456",913860,834110,524730,763820,692170,762800,664180,769930
"P74457",319800,359600,0,254390,259210,265950,0,317720
"P74458",0,219890,0,256470,256860,202050,0,183970
"P74459",159800,129350,0,174740,170700,144680,345070,167980
"P74461",0,0,0,0,0,0,0,0
"P74462",150540,181760,0,189170,154690,125230,140500,179000
"P74463",369250,297370,0,358270,373070,312040,171170,325130
"P74465",0,0,0,0,0,0,0,0
"P74466",639930,725160,0,635650,497170,486600,621650,640440
"P74467",1540500,1834500,0,1670400,1342200,1196100,2258100,1445400
"P74468",221190,188080,0,221480,181020,242370,207620,228900
"P74470",1157000,1674300,0,1494100,704340,1344900,572800,1145200
"P74473",0,0,0,0,0,0,0,0
"P74474",0,0,0,0,0,0,0,0
"P74476",0,0,0,136330,120380,110960,59642,123510
"P74478",245610,259350,0,439840,324980,311890,133710,354100
"P74480",0,41273,0,46792,55327,0,0,40558
"P74483",96920,68473,0,76835,115360,94570,0,114690
"P74484",0,0,0,0,0,0,0,0
"P74485",71833,105380,0,107730,122950,101380,0,102240
"P74486",0,0,0,0,0,0,0,0
"P74488",0,0,0,0,0,0,0,0
"P74489",0,0,0,0,0,0,0,0
"P74490",295110,136170,0,297470,383020,341900,374950,254510
"P74492",0,0,0,0,0,0,0,0
"P74494",747010,852110,0,964250,1054100,792270,1451400,873280
"P74497",102780,89364,0,95042,116230,107340,0,83766
"P74498",0,0,0,0,0,0,0,0
"P74500",328990,568240,0,398320,464510,372240,229560,509570
"P74503",53975,49537,0,48887,53551,52724,0,55389
"P74504",0,0,0,0,0,0,0,0
"P74506",0,0,0,0,0,0,0,0
"P74507",223480,282710,0,266340,270180,202300,296540,295950
"P74510",2239100,1853200,0,1794400,1952600,1824200,1869200,1859700
"P74511",320530,382170,0,443800,267360,285890,0,318690
"P74513",0,74786,0,58296,50337,0,0,66417
"P74514",104720,126560,0,144860,68527,86748,0,125070
"P74515",0,0,0,40021,0,45503,0,45698
"P74516",0,0,0,0,0,0,0,0
"P74517",392750,464620,0,335670,260670,245520,116430,313310
"P74518",1344700,1380400,0,1592800,1505400,1442600,1828300,1242700
"P74521",0,0,0,40407,58942,63487,80799,0
"P74523",0,0,0,0,0,0,0,0
"P74526",67852,74338,0,77232,54011,42389,0,64745
"P74527",72372,105470,0,104180,163320,116060,152070,116940
"P74528",96234,0,0,114560,90744,106190,200550,0
"P74529",0,0,0,0,0,0,0,0
"P74533",0,0,0,0,118320,0,0,118050
"P74534",13659000,12159000,2151500,13855000,11374000,9454300,4721800,14572000
"P74535",73698,62503,0,90039,141500,115220,0,0
"P74539",0,0,0,0,0,0,0,0
"P74540",45520,0,0,49384,52725,51611,0,0
"P74541",0,0,0,0,0,0,0,0
"P74542",0,0,0,0,0,0,0,0
"P74544",0,0,0,0,0,0,0,0
"P74548",0,0,0,0,0,0,0,0
"P74551",1741300,1588300,644900,2099600,1900400,1798600,2065700,2041200
"P74558",1787800,2141000,0,3310400,1861300,2188100,927140,1593500
"P74560",211710,230480,0,229440,189940,245450,153130,194300
"P74561",421610,525750,0,456440,532720,413650,356710,574410
"P74563",156990,168590,0,152140,132360,128530,259610,149280
"P74564",0,0,0,0,95463,0,0,78414
"P74565",705050,828150,0,687750,628140,607340,566800,527160
"P74569",395530,387020,0,382430,432300,491910,0,553390
"P74570",0,0,0,0,0,0,0,0
"P74571",156070,111590,0,127530,142330,133590,194440,127130
"P74572",241280,181910,0,216540,211590,178720,0,233180
"P74574",0,0,0,0,0,0,0,0
"P74576",0,0,0,89897,58251,0,114450,0
"P74577",58807,70069,0,72844,0,44136,66152,43564
"P74578",0,0,0,0,30981,20465,0,0
"P74580",0,139360,0,153710,0,103920,0,0
"P74582",343070,280760,0,355970,434060,419960,285670,316900
"P74587",193730,137280,0,179420,207050,191220,239670,181520
"P74588",550650,579870,0,627520,527320,493110,731720,484050
"P74590",0,0,0,45608,65698,53938,0,0
"P74591",0,0,0,0,69827,0,77026,0
"P74592",64833,61383,0,70683,93315,82794,224530,83719
"P74593",0,0,0,0,0,0,0,0
"P74596",115260,107160,0,88842,83054,105620,0,94985
"P74598",0,0,0,0,0,0,0,0
"P74599",0,0,0,0,0,0,0,0
"P74600",0,0,0,0,0,0,0,0
"P74604",0,0,0,0,0,0,0,0
"P74607",831970,822580,0,1273500,1067800,932900,1003400,903910
"P74609",0,0,0,0,0,0,0,0
"P74614",0,43426,0,52123,0,0,0,55338
"P74617",0,68342,0,69750,74066,57315,91245,72860
"P74618",0,0,0,0,0,0,0,0
"P74623",0,0,0,0,380560,302220,0,0
"P74625",461880,357090,0,377890,491840,430740,316810,462920
"P74630",0,34249,0,0,51925,44381,0,0
"P74638",374920,429100,0,359080,287260,285380,261630,417670
"P74639",0,0,0,0,53189,45622,0,0
"P74640",0,0,0,0,0,0,0,0
"P74641",0,0,0,41269,33880,27458,0,26598
"P74643",581480,380320,58893,394400,464540,659300,764790,602530
"P74644",0,0,0,0,0,0,0,0
"P74645",162680,179480,0,156600,188870,154810,187600,106090
"P74646",146240,0,0,92043,93481,75357,114380,94987
"P74647",0,0,0,0,328920,280580,335790,261710
"P74648",0,0,0,0,0,0,0,0
"P74649",0,0,0,0,0,0,0,0
"P74654",0,33659,0,0,0,0,0,45866
"P74655",0,0,0,0,0,0,0,0
"P74656",54847,68586,0,54755,63986,65251,0,62629
"P74657",0,0,0,0,0,0,0,0
"P74658",76749,127040,0,104630,103650,104230,138140,95265
"P74659",0,0,0,0,0,0,0,0
"P74661",0,0,0,0,0,0,0,0
"P74662",0,0,0,0,0,0,0,0
"P74664",0,0,0,0,0,0,0,0
"P74665",221950,247230,0,172460,222690,205740,141430,231120
"P74667",223360,198190,0,239820,286780,247720,232540,296230
"P74668",121680,128180,0,89560,166240,151130,212350,116910
"P74669",0,79398,0,55494,39918,0,0,0
"P74673",247020,352880,0,238670,230420,257270,249460,362770
"P74683",0,0,0,0,0,0,0,0
"P74685",0,108540,0,129880,78685,94777,150350,69304
"P74688",0,0,0,0,38930,59388,0,0
"P74689",294680,263760,0,312400,323660,351760,361550,372870
"P74690",170800,0,0,287080,432860,366240,401270,285890
"P74691",0,165650,0,160210,151580,150660,0,124400
"P74694",907950,962560,0,1057400,930230,733780,851040,958590
"P74698",0,0,0,0,0,0,0,0
"P74702",1217100,615030,198580,871060,823120,627170,748120,552320
"P74705",0,0,0,0,0,0,0,0
"P74706",0,0,0,0,0,0,0,0
"P74707",411500,484740,0,469770,446550,313440,296510,443870
"P74709",0,38437,0,50343,58838,68960,71211,37990
"P74712",0,0,0,0,0,0,0,0
"P74714",0,73458,0,80021,0,0,0,0
"P74716",30390,62575,0,38715,29426,0,0,50805
"P74717",0,0,0,0,0,0,0,0
"P74718",0,0,0,0,0,0,0,0
"P74720",699310,788010,0,874730,725560,685500,475070,715550
"P74722",122640,262880,0,203870,209120,185380,59659,195200
"P74724",0,0,0,0,58507,0,65379,0
"P74725",0,0,0,802240,745520,505070,0,1417500
"P74728",0,0,0,0,0,0,0,0
"P74729",504980,548220,0,617130,899940,661950,341840,550030
"P74730",0,0,0,0,0,0,0,0
"P74732",0,0,0,0,0,0,0,0
"P74735",0,0,0,0,0,0,0,0
"P74737",662870,463980,0,497460,615630,550460,0,476860
"P74739",70016,96467,0,45240,0,0,211640,53284
"P74741",481340,501870,0,421590,454870,548070,488430,493880
"P74742",0,0,0,0,0,0,0,0
"P74743",0,0,0,0,0,0,0,0
"P74745",95610,123520,0,130800,121920,116400,110040,137480
"P74746",49075,0,0,54017,60411,53902,0,57058
"P74747",443650,373420,0,485640,429690,371560,353140,0
"P74749",87622,111860,0,85122,83878,86110,0,105110
"P74750",0,0,0,81166,102100,104530,0,79106
"P74751",148640,0,0,0,149880,155100,0,174950
"P74753",157930,129710,0,159260,190960,165640,0,147750
"P74754",66791,55870,0,54402,95584,54687,0,42136
"P74755",70692,0,0,85348,0,0,79373,91114
"P74756",200110,186540,0,213280,226690,194230,258000,198170
"P74768",0,0,0,98051,125290,0,0,63909
"P74769",2489900,3091300,0,3295000,3077700,3096200,3325900,2451900
"P74771",467490,565230,0,418890,340410,411600,806520,441320
"P74778",119570,180370,0,123530,112720,104120,0,132220
"P74780",0,112840,0,0,162790,0,0,0
"P74781",155020,302110,0,179520,125410,0,0,143310
"P74782",51081,60753,0,70608,83596,70026,0,72420
"P74785",0,0,0,0,0,0,0,0
"P74786",489880,351950,0,471270,428620,378410,514510,409010
"P74789",1103300,1291900,0,1405600,985980,951870,1536300,1304800
"P74791",101160,129470,0,62383,77095,60629,313900,118020
"P74793",0,41282,0,0,0,46454,0,0
"P74795",386480,543130,0,404930,433880,422490,0,319230
"P74801",0,176380,0,202560,0,140370,0,175500
"P74803",0,0,0,0,0,0,0,0
"P74804",0,215240,0,173010,136600,0,0,0
"P74809",0,0,0,0,0,0,0,0
"P74811",0,0,0,0,0,0,0,0
"P75023",278000,303930,0,291310,180520,199480,348420,188320
"P77960",68366,71824,0,61276,80287,96122,0,60630
"P77961",2135100,1914600,303140,2143800,2633200,2819400,3190900,2182900
"P77962",1039100,1023300,0,977830,1289600,1099700,831290,1261800
"P77965",1823200,1863700,0,1680900,2058500,1997000,1741100,1726000
"P77966",615940,546640,0,630400,769750,652710,693150,608830
"P77968",4107100,2694500,0,2802600,2669600,3523800,2769100,3024200
"P77969",432930,456670,0,432460,438580,365250,727200,420550
"P77970",318050,293760,0,326220,448960,357960,740360,412960
"P77972",5374400,5243300,0,4938500,3989500,4230200,3692300,4524300
"P77973",345070,300050,0,312530,331160,378020,329280,356690
"P80046",125120,131430,0,132360,163230,165170,164360,119540
"P80505",2399700,3383000,0,2843700,4051900,3939500,2747200,3204500
"P80507",1555700,2633000,185480,2232400,2582600,2311400,2137800,1725100
"Q01903",0,103020,0,182890,113780,109910,96652,116930
"Q01950",9630700,13536000,4381300,7922000,10060000,9359700,5081700,11775000
"Q01951",19977000,23121000,16728000,16762000,18201000,20941000,17747000,22868000
"Q01952",5115600,3516100,2485200,3731800,3841600,4710600,2071300,3025500
"Q04737",0,0,0,0,0,0,0,0
"Q05971",33575000,35306000,8527800,32499000,21833000,25325000,13360000,23142000
"Q05972",17688000,20844000,16475000,15311000,10572000,11979000,10026000,13292000
"Q06473",0,0,0,0,0,0,0,0
"Q06474",0,0,0,0,0,0,0,0
"Q46363",275200,282450,0,271910,345000,267910,186750,272710
"Q54714",32427000,39111000,62163000,28248000,25396000,31206000,12911000,34410000
"Q54715",36475000,53632000,25148000,31605000,31926000,42178000,20578000,37020000
"Q54735",329800,426590,0,395580,398980,372360,269470,274360
"Q55004",0,0,0,0,0,0,0,0
"Q55013",10023000,10044000,1131000,9546900,9056100,8857600,9503400,8353600
"Q55034",0,68636,0,0,54709,0,0,0
"Q55074",67983,73575,0,61683,80052,56220,0,74758
"Q55081",0,0,0,0,0,0,0,0
"Q55087",1248000,1240700,0,1082800,1203900,1210700,679230,1015100
"Q55112",264510,224760,0,239150,270200,234180,100670,250990
"Q55113",422820,502070,0,431240,386620,417970,95535,412600
"Q55114",0,0,0,0,0,0,0,0
"Q55116",0,0,0,0,0,0,0,0
"Q55118",1086900,1358500,0,1383000,1282800,1211500,1605300,1236600
"Q55119",627300,588110,0,801090,667430,770780,786990,592230
"Q55120",603720,763800,0,831590,767810,982900,312050,727330
"Q55121",0,0,0,0,0,0,0,0
"Q55122",0,0,0,0,0,0,0,0
"Q55123",0,0,0,0,0,0,0,0
"Q55124",0,0,0,0,0,0,0,0
"Q55128",0,120810,0,121720,165070,134290,0,136350
"Q55129",107980,128240,0,109550,97794,103580,0,110550
"Q55131",0,0,0,70705,93701,79118,0,67104
"Q55132",0,55105,0,29991,44109,42674,53882,37522
"Q55136",0,0,0,0,71103,80492,0,0
"Q55137",0,0,0,0,0,0,0,0
"Q55139",0,0,0,0,0,0,0,0
"Q55140",0,0,0,0,0,0,0,0
"Q55141",370060,790700,0,484260,477310,564130,235540,472830
"Q55144",160430,193510,0,157640,206520,221820,197840,152100
"Q55145",0,0,0,0,0,0,0,0
"Q55146",186210,253140,0,167960,166090,154240,455990,200280
"Q55149",158240,265660,0,225520,223650,225670,0,191850
"Q55151",0,0,0,0,0,0,0,0
"Q55154",300560,251280,0,308420,328880,346300,297680,446030
"Q55155",214590,225520,0,206580,240680,212010,265790,204920
"Q55156",0,0,0,0,0,0,0,0
"Q55157",256940,218650,0,0,0,204530,0,256330
"Q55159",0,0,0,0,0,0,0,0
"Q55160",86850,58263,0,0,74241,65421,105910,66655
"Q55162",192720,476540,0,276940,311510,285890,267220,376900
"Q55164",107480,104000,0,110090,123020,137290,0,101870
"Q55165",81036,116990,0,98513,72916,77384,0,68417
"Q55167",0,0,0,0,0,0,0,0
"Q55169",0,0,0,0,0,0,0,0
"Q55170",0,0,0,0,0,0,0,0
"Q55171",4422000,3638700,18678000,4041200,2828000,3572300,3839200,3127300
"Q55172",0,0,0,0,0,0,0,0
"Q55174",0,0,0,0,0,0,0,0
"Q55175",0,0,0,0,0,0,0,0
"Q55176",1313600,0,0,0,0,0,344220,1796500
"Q55177",0,0,0,0,0,0,0,0
"Q55178",220420,252160,0,261190,204380,162600,297130,247350
"Q55183",0,0,0,0,0,0,0,0
"Q55184",0,0,0,0,0,0,0,0
"Q55187",108220,94184,0,87840,97925,161530,142040,82428
"Q55190",0,0,0,0,0,0,0,0
"Q55194",0,0,0,0,0,0,0,0
"Q55195",0,0,0,0,0,0,0,0
"Q55196",0,67472,0,52811,63321,54958,0,56874
"Q55199",2548100,1679100,623570,2412500,2041500,2275700,1050900,1903100
"Q55200",0,0,0,0,19538,0,0,29915
"Q55201",143850,135630,0,149020,157340,174340,186820,182780
"Q55233",870470,1033400,0,879670,872330,967120,892830,995740
"Q55247",2363300,1838200,1774800,2389600,2345200,2865800,2347800,2615600
"Q55318",2274900,2471900,0,2095300,2379100,2491200,2159100,2480700
"Q55329",0,0,0,0,0,0,0,0
"Q55332",2346600,2000700,0,2069400,1885900,1954700,1016000,1828400
"Q55336",99022,75041,0,82686,90720,83092,0,87234
"Q55356",977760,1444800,0,1450600,1166900,1674800,1223600,1058000
"Q55361",56352,69564,0,72306,0,97755,166400,87347
"Q55362",0,0,0,0,66916,34478,0,0
"Q55366",473950,533720,0,462150,565130,589750,696520,470620
"Q55367",291540,433260,0,432320,478940,590340,154650,250780
"Q55370",0,0,0,0,0,0,0,0
"Q55374",0,0,0,45952,79981,68445,0,0
"Q55375",0,0,0,0,0,0,0,0
"Q55376",0,0,0,0,0,0,0,0
"Q55382",150260,156180,0,163080,117960,109430,0,178420
"Q55385",287250,229240,0,244580,321560,300240,494820,207760
"Q55386",347910,226060,0,506580,510780,516300,48850,183130
"Q55387",1310000,1253200,0,1208300,951400,1005900,368390,1363200
"Q55389",384790,538250,0,403320,472410,497900,0,415500
"Q55392",0,271210,0,0,310490,331510,0,239960
"Q55393",90416,0,0,89382,126620,114710,0,101440
"Q55394",0,0,0,0,0,0,0,0
"Q55396",0,26745,0,0,0,0,81701,43642
"Q55397",146640,186300,0,146320,117360,128720,171360,112400
"Q55403",98682,126320,0,118800,177410,124800,0,151190
"Q55404",399450,462850,0,365470,556150,488760,532120,391020
"Q55409",32443,43619,0,45997,45644,41815,0,0
"Q55410",0,0,0,0,0,0,0,0
"Q55412",116280,167520,0,0,138340,162800,0,145070
"Q55415",0,0,0,0,0,0,0,0
"Q55419",153870,214460,0,131440,138880,148180,122960,175470
"Q55422",53253,54348,0,66731,83996,72618,0,65505
"Q55424",71767,82483,0,79940,126750,98229,204510,103080
"Q55426",60682,59369,0,64141,61420,65887,55603,72444
"Q55427",0,0,0,0,0,0,0,0
"Q55430",0,0,0,0,0,0,0,0
"Q55431",0,0,0,0,0,0,0,0
"Q55432",6675300,5162500,1816800,6701300,5282500,5037200,5248000,6977200
"Q55436",1123100,1043900,85044,901660,809010,1040400,1375000,1179600
"Q55437",0,0,0,0,0,0,0,0
"Q55439",32036,48863,0,42421,31719,33290,0,38448
"Q55443",129900,0,0,139180,0,132380,0,0
"Q55444",218400,307960,0,293830,209040,177710,187800,288130
"Q55445",445630,533360,0,519090,621240,538870,0,578430
"Q55447",568750,741560,0,646920,467960,544330,194440,569700
"Q55448",70414,0,0,0,106690,82139,0,129680
"Q55450",519330,603350,0,493580,376220,403030,0,408660
"Q55451",73837,99593,0,110320,131910,107310,89682,111190
"Q55452",0,0,0,0,0,0,0,0
"Q55454",47049,46326,0,42799,0,37398,0,43122
"Q55457",919300,1243800,0,1034200,984690,969340,1310600,1085600
"Q55458",80903,102220,0,0,0,106620,0,70326
"Q55466",599660,526300,0,560700,394360,450800,781980,476850
"Q55467",81075,91010,0,66605,76060,70529,94390,55705
"Q55468",0,0,0,0,61131,52675,225610,0
"Q55469",177850,183990,0,162230,259560,270130,422790,219880
"Q55474",138210,160010,0,165600,195520,199620,0,187490
"Q55476",86306,80504,0,106100,115240,98612,54009,109080
"Q55477",113960,135400,0,180130,119670,112150,51292,112250
"Q55479",0,0,0,0,0,0,0,0
"Q55480",203460,277500,0,248780,365760,414320,119060,316780
"Q55481",0,0,0,0,0,0,0,0
"Q55483",0,0,0,0,0,0,0,0
"Q55484",322620,184000,0,175400,291110,236510,261440,234430
"Q55486",150380,147090,0,168260,231590,161880,204770,193050
"Q55492",0,0,0,35752,0,0,0,34913
"Q55497",0,0,0,0,0,0,0,0
"Q55498",0,0,0,288790,248290,234110,351970,107550
"Q55499",820440,1002300,0,876650,793540,597450,367860,859800
"Q55503",81992,68299,0,76352,74820,67617,115420,66561
"Q55504",206530,245490,0,216420,242820,261870,672610,313600
"Q55505",637840,501700,0,607480,610420,532940,736320,575390
"Q55507",0,0,0,52194,50004,44468,0,0
"Q55508",84263,105810,0,127200,116520,126100,0,122460
"Q55510",145140,139630,0,158460,157450,133590,155500,152100
"Q55511",3392000,4517900,261440,3913500,3296300,3267800,3162300,3795700
"Q55512",267560,347290,0,361430,368700,326920,401480,323720
"Q55513",175760,111110,0,202590,192540,151280,0,213900
"Q55514",452240,594660,0,490730,675810,691000,528900,594150
"Q55515",0,54965,0,0,0,33402,0,0
"Q55517",213230,140140,0,222280,262630,278110,179850,182680
"Q55521",0,0,0,0,0,0,0,0
"Q55522",257670,208250,0,194610,303320,283500,135960,232360
"Q55524",0,0,0,0,0,0,0,0
"Q55525",0,0,0,0,0,0,0,0
"Q55526",0,0,0,0,0,0,0,0
"Q55527",51018,70278,0,75536,99880,79912,147400,108590
"Q55531",142250,353400,0,0,0,167900,0,235270
"Q55533",56456,93982,0,110100,118510,138220,103000,57742
"Q55535",143130,187370,0,141810,129440,128830,214150,161720
"Q55536",0,0,0,0,0,0,0,0
"Q55540",148880,220380,0,0,141090,158790,0,0
"Q55541",640190,1318500,0,822780,910890,902220,1862800,1256900
"Q55542",160670,77566,0,135310,0,83096,134400,169470
"Q55544",4431000,4876700,397250,3968700,4266700,4623000,2792300,4756800
"Q55547",495080,635880,0,541350,421820,382500,0,404420
"Q55548",0,225780,0,168840,207260,209740,0,0
"Q55549",0,0,0,0,215870,182760,131490,197180
"Q55550",90468,115630,0,81349,56047,65384,234490,78988
"Q55551",0,0,0,0,0,0,0,0
"Q55552",1866700,2384600,340450,1959200,1691800,1717600,336050,1984000
"Q55554",139990,185850,0,151790,137710,106640,197920,140450
"Q55555",0,0,0,0,0,0,0,0
"Q55557",167610,167800,0,213390,234100,278290,76735,178440
"Q55558",162730,270390,0,260280,340250,316390,0,422300
"Q55559",255610,172220,0,227760,212760,175500,0,203910
"Q55561",0,360750,0,538060,0,227490,0,320030
"Q55564",56180,61335,0,78930,78885,60084,92725,65839
"Q55571",0,0,0,0,39034,28485,0,37096
"Q55574",0,0,0,0,0,0,0,0
"Q55578",146310,155640,0,133300,122540,113410,268360,154700
"Q55579",88850,176410,0,85117,77373,69164,120870,0
"Q55580",0,0,0,0,0,0,0,0
"Q55582",0,0,0,0,0,0,0,0
"Q55583",0,0,0,0,0,71135,0,57456
"Q55584",0,0,0,0,100120,72525,0,0
"Q55587",0,119090,0,0,0,0,0,126240
"Q55588",0,0,0,0,0,0,0,0
"Q55595",0,0,0,0,0,0,0,0
"Q55598",104390,84801,0,115080,141520,128970,99650,128630
"Q55599",0,0,0,0,0,0,0,0
"Q55601",0,0,0,0,0,0,0,0
"Q55602",0,0,0,0,0,0,0,0
"Q55604",373430,421910,0,357970,280890,325440,146040,531730
"Q55605",0,0,0,0,0,0,0,0
"Q55606",0,0,0,0,0,0,0,0
"Q55607",0,0,0,0,0,0,0,0
"Q55610",139020,134820,0,144580,174550,175960,249420,170680
"Q55612",98187,104210,0,94352,96526,90214,83528,74573
"Q55613",38340,0,0,51134,61091,0,53818,46558
"Q55614",0,0,0,58386,0,0,70628,39901
"Q55617",247120,178780,0,239700,220300,210610,429130,165860
"Q55619",191460,136810,0,116450,128670,157540,190670,130250
"Q55621",61561,66054,0,56336,68948,51648,0,0
"Q55622",0,0,0,0,0,0,0,0
"Q55623",0,0,0,0,0,0,0,0
"Q55625",446010,257320,0,396970,322830,279140,841070,319250
"Q55626",285840,0,0,247610,295920,265930,211770,206160
"Q55627",134310,116760,0,179520,173290,189600,0,161310
"Q55631",0,0,0,0,0,0,0,0
"Q55633",0,0,0,0,0,0,0,0
"Q55634",0,0,0,0,0,0,0,0
"Q55636",205000,209190,0,239760,212620,0,0,200430
"Q55637",0,0,0,0,0,0,0,0
"Q55641",351010,449540,0,392460,433820,466330,366320,394170
"Q55643",95158,0,0,113290,0,88685,0,0
"Q55648",270950,295140,0,284090,249580,242800,341860,190200
"Q55649",0,0,0,0,0,0,0,0
"Q55650",322140,380910,0,286160,274310,321800,0,342150
"Q55653",62620,90170,0,77247,77554,67141,190520,76651
"Q55654",25330,0,0,31069,39200,0,0,25886
"Q55659",0,0,0,0,0,0,0,0
"Q55660",676050,708770,0,522330,588690,757210,602490,649670
"Q55661",0,0,0,0,0,0,0,0
"Q55662",1331000,1189400,0,1451800,1525100,1490900,977940,1147900
"Q55663",119330,101800,0,115970,156810,127510,154210,0
"Q55664",5534700,3757800,1296700,3410900,4143000,3751900,1532600,3319200
"Q55665",711280,320620,0,506260,626280,644980,494930,462690
"Q55666",113400,114600,0,136330,125580,111180,0,122140
"Q55667",245910,399710,0,433050,445730,412500,0,277430
"Q55668",69735,65953,0,0,0,70537,0,90211
"Q55669",0,0,0,0,53505,0,0,62171
"Q55670",0,0,0,0,0,0,0,0
"Q55671",1369300,1713200,0,1332700,1222500,1403300,1497600,1448100
"Q55673",0,0,0,0,57410,0,0,48356
"Q55674",0,0,0,0,672320,773830,0,770550
"Q55677",69697,110700,0,91337,79620,72963,0,85118
"Q55678",0,0,0,0,57988,0,40229,0
"Q55679",37842,31603,0,34889,36723,39597,0,40646
"Q55680",0,0,0,0,0,0,0,0
"Q55682",0,97494,0,100970,225450,126250,128240,106550
"Q55683",197390,180160,0,241780,226210,169480,0,176090
"Q55685",0,0,0,0,0,0,0,0
"Q55686",0,0,0,0,0,0,0,0
"Q55687",0,0,0,0,0,0,0,0
"Q55688",403380,387090,0,439480,429660,330850,858040,350040
"Q55689",0,0,0,0,0,0,0,0
"Q55690",371070,380580,0,443320,520910,468880,545880,447600
"Q55692",0,0,0,58439,69192,63029,71444,54293
"Q55694",0,0,0,0,0,0,0,0
"Q55698",0,0,0,0,0,0,0,0
"Q55700",524400,469060,0,486550,434740,511430,521510,509050
"Q55701",235160,301490,0,217340,240830,251930,218460,274750
"Q55707",2247300,2554900,0,1800700,1783500,1815400,684550,1949100
"Q55708",0,0,0,0,0,0,0,0
"Q55709",266890,289610,0,296890,378300,344860,235850,348210
"Q55710",145610,220980,0,152180,162640,186760,0,203510
"Q55711",0,0,0,0,0,0,0,0
"Q55715",94875,120240,0,0,80788,87694,0,147010
"Q55716",44054,0,0,37657,62765,51887,0,39956
"Q55717",0,0,0,0,0,0,0,0
"Q55723",0,57675,0,54934,69380,78798,0,71138
"Q55726",180540,0,0,214690,170310,219780,212370,156930
"Q55727",288110,228190,0,334910,377650,314080,339430,330250
"Q55728",0,0,0,0,0,0,0,0
"Q55729",87261,79889,0,142490,174690,116240,225590,143480
"Q55730",245180,197890,0,169380,163290,236850,0,0
"Q55734",119500,143140,0,172290,223250,170640,155830,137960
"Q55735",0,0,0,0,0,0,0,0
"Q55737",111510,106000,0,111150,81450,86472,205560,104790
"Q55738",271060,222040,0,209250,358550,276500,681040,202980
"Q55744",313040,396640,0,404920,390260,357280,0,449000
"Q55746",135730,165720,0,144410,139300,185360,309830,170430
"Q55747",1438900,2241800,267160,2493600,1794400,2246200,1355900,2656200
"Q55750",0,0,0,0,0,0,0,0
"Q55751",0,0,0,0,0,0,0,0
"Q55752",0,0,0,0,0,0,0,0
"Q55753",57145,53111,0,55398,0,75314,0,84716
"Q55756",366240,260100,0,296960,413980,399920,233020,305960
"Q55758",308190,374850,0,345100,278540,265930,433480,365740
"Q55759",854750,702240,0,776140,707770,725850,1234400,680210
"Q55762",233980,227780,0,287920,234330,216280,202310,304910
"Q55763",0,0,0,83268,61801,0,0,0
"Q55764",0,0,0,0,0,0,0,0
"Q55765",6607600,7328300,3290800,7040600,5306700,5657600,2555700,7285700
"Q55766",2393300,2324700,0,2154600,2067000,2102100,1925300,2329700
"Q55768",0,0,0,0,0,0,0,0
"Q55769",0,0,0,0,0,0,0,0
"Q55770",806700,441430,0,691350,738770,726390,509340,565940
"Q55771",0,0,0,0,0,0,0,0
"Q55773",0,54242,0,45907,46541,0,0,35931
"Q55776",597610,634520,0,717610,683460,565250,217050,671780
"Q55778",240290,416210,0,294650,453620,459680,457260,380670
"Q55780",498250,645650,0,466240,524980,529320,598870,502250
"Q55781",253130,170050,0,0,268160,138540,150660,185000
"Q55782",0,103260,0,88796,88220,76678,154790,72041
"Q55784",0,0,0,0,0,0,0,0
"Q55786",142790,199800,0,218720,250530,218510,311050,165830
"Q55787",0,0,0,75663,0,59312,0,85367
"Q55788",629870,405050,0,575720,574380,436770,650500,504100
"Q55789",71831,92042,0,95309,101500,75077,92129,77368
"Q55790",338120,379230,0,434040,447350,324920,274120,394760
"Q55791",336690,458550,0,362910,496190,487800,609850,410890
"Q55792",145400,159420,0,175360,169240,197240,68283,155240
"Q55793",0,0,0,0,0,0,0,0
"Q55794",103630,89321,0,95252,56276,104310,0,95689
"Q55796",0,0,0,0,0,0,0,0
"Q55797",0,0,0,0,0,0,0,0
"Q55799",0,0,0,0,0,0,0,0
"Q55801",274060,198090,0,325470,365640,407260,0,225530
"Q55802",0,0,0,0,0,0,0,0
"Q55803",115550,134560,0,173950,155160,118850,0,148260
"Q55804",540670,469360,0,477070,514520,454250,693900,459550
"Q55805",0,0,0,0,0,0,0,0
"Q55806",168330,126590,0,128590,169750,182810,0,144420
"Q55808",0,0,0,0,0,0,0,0
"Q55809",0,0,0,0,0,0,0,0
"Q55818",0,0,0,0,0,0,0,0
"Q55819",55277,162490,0,63639,54625,91807,0,82882
"Q55822",259150,370880,0,274640,325540,338070,167880,307340
"Q55823",542220,621200,0,498210,540920,451190,423760,475370
"Q55828",1152600,977770,0,1112700,1363600,1153400,1144800,1177800
"Q55835",504470,611350,0,527150,607050,616790,220130,568850
"Q55836",78839,0,0,92591,0,0,0,96836
"Q55837",169420,247320,0,202680,170910,186020,338890,193930
"Q55841",0,0,0,0,0,0,0,0
"Q55842",0,0,0,0,0,0,0,0
"Q55843",0,0,0,194730,0,226060,195330,248010
"Q55846",0,0,0,0,0,0,0,0
"Q55847",140840,107470,0,156070,128540,142100,42916,110750
"Q55848",353470,301920,0,407190,511330,344210,304060,343440
"Q55850",0,0,0,0,0,0,0,0
"Q55852",212700,248870,0,202150,162360,163470,365210,207290
"Q55860",0,0,0,0,0,0,0,0
"Q55862",0,193010,0,181030,0,268030,0,194420
"Q55863",0,0,0,37600,36436,45472,0,0
"Q55865",0,0,0,0,0,0,0,0
"Q55867",250810,260650,0,171240,200360,245440,217660,128860
"Q55869",0,0,0,0,0,0,108250,70919
"Q55870",0,83485,0,88789,94861,62375,168980,0
"Q55874",126890,201260,0,164910,175860,162180,309700,169560
"Q55875",50134,44390,0,31205,65559,51536,0,52200
"Q55883",0,0,0,0,0,0,0,0
"Q55886",0,0,0,0,0,69337,0,57850
"Q55887",241050,293470,0,274960,267530,370860,181080,305380
"Q55888",166080,172110,0,183680,132250,114550,0,146680
"Q55889",0,0,0,0,0,0,0,0
"Q55890",0,0,0,0,0,0,0,0
"Q55891",0,0,0,0,0,0,0,0
"Q55894",769960,626170,0,608760,763010,694410,838700,811420
"Q55896",0,0,0,0,0,0,0,0
"Q55897",99687,115110,0,96550,77111,76903,109820,93911
"Q55898",0,0,0,0,0,0,0,0
"Q55899",222200,278820,0,223780,166600,167560,245810,217430
"Q55900",350320,406400,0,322480,332300,332310,449150,365420
"Q55901",0,0,0,0,0,0,0,0
"Q55902",0,0,0,0,0,0,0,0
"Q55907",0,0,0,0,0,68932,0,44412
"Q55910",0,0,0,0,0,0,0,0
"Q55916",0,0,0,0,0,0,0,0
"Q55924",0,0,0,0,0,0,0,0
"Q55950",0,0,0,0,0,0,0,0
"Q55953",226370,276940,0,295980,220790,293550,420610,244600
"Q55959",0,0,0,0,0,0,0,0
"Q55960",0,0,0,0,0,0,0,0
"Q55971",0,0,0,36570,57268,55520,0,0
"Q55972",1254500,1435300,0,1535300,2043400,1452700,1378200,2000600
"Q55978",498730,580160,0,643730,181710,366900,909460,490810
"Q55980",87738,102980,0,111050,0,62089,0,0
"Q55981",0,74791,0,50300,69513,68915,87500,66164
"Q55987",69623,0,0,79270,84156,69921,0,62124
"Q55992",0,0,0,0,0,0,0,0
"Q57014",10438000,5306000,5039300,5132400,2693700,2405900,12508000,7459200
"Q57038",0,0,0,0,0,0,0,0
"Q57310",154960,227920,0,175900,209360,177440,0,195620
"Q57396",0,0,0,0,0,0,0,0
"Q57417",135210,123540,0,161250,187940,175770,197030,145320
"Q57456",0,0,0,0,0,0,0,0
"Q57473",0,0,0,0,0,0,0,0
"Q59975",227700,193190,0,221900,269080,272610,236440,270060
"Q59977",0,0,0,0,0,0,0,0
"Q59978",2680200,2140100,626670,2813900,2369100,2374500,1604700,2356200
"Q59987",650650,794960,0,774030,948760,837450,330870,933430
"Q59989",94558,0,0,123130,72789,94137,146270,88693
"Q59991",0,0,0,0,0,0,0,0
"Q59992",182290,233290,0,175150,192450,146610,246410,198760
"Q59993",205850,88966,0,186840,204940,166160,118610,189670
"Q59994",640430,841430,0,527100,622300,730420,247570,505850
"Q59996",0,0,0,0,0,0,0,0
"Q59999",0,0,0,0,0,0,0,0
"Q6YRP4",0,0,0,0,0,0,0,0
"Q6YRQ8",160060,174680,0,190470,154440,173760,111260,143930
"Q6YRQ9",165620,156520,0,172890,154240,216730,188870,155380
"Q6YRR1",0,66803,0,59403,72461,66800,0,53397
"Q6YRR2",0,0,0,0,0,0,0,0
"Q6YRS2",191580,122670,0,173670,145810,0,0,134080
"Q6YRT3",125510,140910,0,184430,192800,141090,319810,171510
"Q6YRT4;Q6ZEP6",0,0,0,0,0,0,0,0
"Q6YRU8",103540,0,0,100910,109290,69633,0,98531
"Q6YRU9",0,0,0,0,0,0,0,0
"Q6YRV5",0,0,0,0,0,0,0,0
"Q6YRV6",134670,146050,0,146750,122430,111510,0,102360
"Q6YRW7;Q6ZEM6",222670,335660,0,277420,282840,302790,629340,294460
"Q6YRW9;Q6ZEM4",70876,102330,0,94959,87899,83377,0,74452
"Q6ZE43",0,0,0,0,0,0,0,0
"Q6ZE54",0,0,0,0,0,0,0,0
"Q6ZE62",0,0,0,49054,0,66944,0,52059
"Q6ZE66",0,0,0,0,0,0,0,0
"Q6ZE76",0,0,0,0,0,0,0,0
"Q6ZE77",32941,0,0,44570,0,0,0,0
"Q6ZE79",0,0,0,0,0,0,0,0
"Q6ZE85",0,0,0,66719,64935,54552,0,0
"Q6ZE89",155360,187580,0,0,0,0,0,158020
"Q6ZEA4",0,0,0,0,0,0,0,0
"Q6ZEA8",0,0,0,0,0,0,0,0
"Q6ZEB1",0,0,0,0,0,0,0,0
"Q6ZEB2",0,0,0,77848,0,0,0,87520
"Q6ZEC5",0,0,0,0,0,0,0,0
"Q6ZEC8",0,0,0,0,0,0,0,0
"Q6ZED2",0,0,0,0,0,0,0,0
"Q6ZEE4",0,0,0,0,0,0,0,0
"Q6ZEF4",0,0,0,0,0,0,0,0
"Q6ZEG0",0,0,0,0,0,0,0,0
"Q6ZEG7",0,0,0,0,0,0,0,0
"Q6ZEH4",0,0,0,0,0,0,0,0
"Q6ZEI6",0,50272,0,40148,54517,77022,99751,40262
"Q6ZEJ2",0,0,0,0,0,0,0,0
"Q6ZEK2",102170,64907,0,93882,103170,79403,91094,109410
"Q6ZEK3",0,0,0,0,0,0,0,0
"Q6ZEK4",89819,100460,0,93280,94186,93499,0,93183
"Q6ZEL1;Q6ZEQ3;P73838",0,0,0,0,0,0,0,0
"Q6ZEL3",0,0,0,0,0,0,0,0
"Q6ZEL7",147850,148110,0,126790,141970,100190,0,116610
"Q6ZEL9",0,0,0,0,0,0,0,0
"Q6ZEM0",0,129950,0,108120,87767,61873,0,0
"Q6ZEM9",0,0,0,0,0,0,0,0
"Q6ZEN5",0,155590,0,132460,112460,121000,0,109630
"Q6ZEQ1",0,0,0,0,0,0,0,0
"Q6ZEQ5",0,0,0,0,0,45990,0,41352
"Q6ZEQ9",0,0,0,0,0,0,0,0
"Q6ZER1",0,0,0,0,0,0,0,0
"Q6ZER9",0,0,0,0,0,0,0,0
"Q6ZES1",0,61547,0,0,47933,47102,0,0
"Q6ZES9",0,0,0,0,140380,176410,0,169910
"Q6ZEU6",0,0,0,0,0,0,0,0
"Q6ZEU7",162650,201370,0,179090,171830,141560,0,188960
"Q6ZEX5",0,0,0,0,0,0,0,0
"Q6ZEX8",0,0,0,0,0,0,0,0
"Q79EE4",0,0,0,0,0,0,0,0
"Q79EE5",0,0,0,0,0,0,0,0
"Q79EF9",0,0,0,0,67797,0,0,63325
